sequential_site,reference_site,aa,reference_aa
1,1,M,M
2,2,F,F
3,3,V,V
4,4,F,F
5,5,L,L
6,6,V,V
7,7,L,L
8,8,L,L
9,9,P,P
10,10,L,L
11,11,V,V
12,12,S,S
13,13,S,S
14,14,Q,Q
15,15,C,C
16,16,V,V
17,16a,M,-
18,16b,P,-
19,16c,L,-
20,16d,F,-
21,17,N,N
22,18,L,L
23,19,I,T
24,20,T,T
25,21,T,R
26,22,T,T
27,23,Q,Q
28,27,S,A
29,28,Y,Y
30,29,T,T
31,30,N,N
32,32,F,F
33,33,T,T
34,34,R,R
35,35,G,G
36,36,V,V
37,37,Y,Y
38,38,Y,Y
39,39,P,P
40,40,D,D
41,41,K,K
42,42,V,V
43,43,F,F
44,44,R,R
45,45,S,S
46,46,S,S
47,47,V,V
48,48,L,L
49,49,H,H
50,50,L,S
51,51,T,T
52,52,Q,Q
53,53,D,D
54,54,L,L
55,55,F,F
56,56,L,L
57,57,P,P
58,58,F,F
59,59,F,F
60,60,S,S
61,61,N,N
62,62,V,V
63,63,T,T
64,64,W,W
65,65,F,F
66,66,H,H
67,67,A,A
68,68,I,I
69,71,S,S
70,72,G,G
71,73,T,T
72,74,N,N
73,75,G,G
74,76,T,T
75,77,K,K
76,78,R,R
77,79,F,F
78,80,D,D
79,81,N,N
80,82,P,P
81,83,V,V
82,84,L,L
83,85,P,P
84,86,F,F
85,87,N,N
86,88,D,D
87,89,G,G
88,90,V,V
89,91,Y,Y
90,92,F,F
91,93,A,A
92,94,S,S
93,95,T,T
94,96,E,E
95,97,K,K
96,98,S,S
97,99,N,N
98,100,I,I
99,101,I,I
100,102,R,R
101,103,G,G
102,104,W,W
103,105,I,I
104,106,F,F
105,107,G,G
106,108,T,T
107,109,T,T
108,110,L,L
109,111,D,D
110,112,S,S
111,113,K,K
112,114,T,T
113,115,Q,Q
114,116,S,S
115,117,L,L
116,118,L,L
117,119,I,I
118,120,V,V
119,121,N,N
120,122,N,N
121,123,A,A
122,124,T,T
123,125,N,N
124,126,V,V
125,127,F,V
126,128,I,I
127,129,K,K
128,130,V,V
129,131,C,C
130,132,E,E
131,133,F,F
132,134,Q,Q
133,135,F,F
134,136,C,C
135,137,N,N
136,138,D,D
137,139,P,P
138,140,F,F
139,141,L,L
140,142,D,G
141,143,V,V
142,145,Y,Y
143,146,H,H
144,147,K,K
145,148,N,N
146,149,N,N
147,150,K,K
148,151,S,S
149,152,W,W
150,153,M,M
151,154,E,E
152,155,S,S
153,156,E,E
154,157,S,F
155,158,G,R
156,159,V,V
157,160,Y,Y
158,161,S,S
159,162,S,S
160,163,A,A
161,164,N,N
162,165,N,N
163,166,C,C
164,167,T,T
165,168,F,F
166,169,E,E
167,170,Y,Y
168,171,V,V
169,172,S,S
170,173,Q,Q
171,174,P,P
172,175,F,F
173,176,L,L
174,177,M,M
175,178,D,D
176,179,L,L
177,180,E,E
178,181,G,G
179,182,K,K
180,183,Q,Q
181,184,G,G
182,185,N,N
183,186,F,F
184,187,K,K
185,188,N,N
186,189,L,L
187,190,R,R
188,191,E,E
189,192,F,F
190,193,V,V
191,194,F,F
192,195,K,K
193,196,N,N
194,197,I,I
195,198,D,D
196,199,G,G
197,200,Y,Y
198,201,F,F
199,202,K,K
200,203,I,I
201,204,Y,Y
202,205,S,S
203,206,K,K
204,207,H,H
205,208,T,T
206,209,P,P
207,210,I,I
208,212,I,L
209,213,G,V
210,214,R,R
211,215,D,D
212,216,F,L
213,217,P,P
214,218,Q,Q
215,219,G,G
216,220,F,F
217,221,S,S
218,222,A,A
219,223,L,L
220,224,E,E
221,225,P,P
222,226,L,L
223,227,V,V
224,228,D,D
225,229,L,L
226,230,P,P
227,231,I,I
228,232,G,G
229,233,I,I
230,234,N,N
231,235,I,I
232,236,T,T
233,237,R,R
234,238,F,F
235,239,Q,Q
236,240,T,T
237,241,L,L
238,242,L,L
239,243,A,A
240,244,L,L
241,245,N,H
242,246,R,R
243,247,S,S
244,248,Y,Y
245,249,L,L
246,250,T,T
247,251,P,P
248,252,G,G
249,253,D,D
250,254,S,S
251,255,S,S
252,256,S,S
253,257,G,G
254,258,W,W
255,259,T,T
256,260,A,A
257,261,G,G
258,262,A,A
259,263,A,A
260,264,D,A
261,265,Y,Y
262,266,Y,Y
263,267,V,V
264,268,G,G
265,269,Y,Y
266,270,L,L
267,271,Q,Q
268,272,P,P
269,273,R,R
270,274,T,T
271,275,F,F
272,276,L,L
273,277,L,L
274,278,K,K
275,279,Y,Y
276,280,N,N
277,281,E,E
278,282,N,N
279,283,G,G
280,284,T,T
281,285,I,I
282,286,T,T
283,287,D,D
284,288,A,A
285,289,V,V
286,290,D,D
287,291,C,C
288,292,A,A
289,293,L,L
290,294,D,D
291,295,P,P
292,296,L,L
293,297,S,S
294,298,E,E
295,299,T,T
296,300,K,K
297,301,C,C
298,302,T,T
299,303,L,L
300,304,K,K
301,305,S,S
302,306,F,F
303,307,T,T
304,308,V,V
305,309,E,E
306,310,K,K
307,311,G,G
308,312,I,I
309,313,Y,Y
310,314,Q,Q
311,315,T,T
312,316,S,S
313,317,N,N
314,318,F,F
315,319,R,R
316,320,V,V
317,321,Q,Q
318,322,P,P
319,323,T,T
320,324,E,E
321,325,S,S
322,326,I,I
323,327,V,V
324,328,R,R
325,329,F,F
326,330,P,P
327,331,N,N
328,332,V,I
329,333,T,T
330,334,N,N
331,335,L,L
332,336,C,C
333,337,P,P
334,338,F,F
335,339,H,G
336,340,E,E
337,341,V,V
338,342,F,F
339,343,N,N
340,344,A,A
341,345,T,T
342,346,R,R
343,347,F,F
344,348,A,A
345,349,S,S
346,350,V,V
347,351,Y,Y
348,352,A,A
349,353,W,W
350,354,N,N
351,355,R,R
352,356,T,K
353,357,R,R
354,358,I,I
355,359,S,S
356,360,N,N
357,361,C,C
358,362,V,V
359,363,A,A
360,364,D,D
361,365,Y,Y
362,366,S,S
363,367,V,V
364,368,L,L
365,369,Y,Y
366,370,N,N
367,371,F,S
368,372,A,A
369,373,P,S
370,374,F,F
371,375,F,S
372,376,A,T
373,377,F,F
374,378,K,K
375,379,C,C
376,380,Y,Y
377,381,G,G
378,382,V,V
379,383,S,S
380,384,P,P
381,385,T,T
382,386,K,K
383,387,L,L
384,388,N,N
385,389,D,D
386,390,L,L
387,391,C,C
388,392,F,F
389,393,T,T
390,394,N,N
391,395,V,V
392,396,Y,Y
393,397,A,A
394,398,D,D
395,399,S,S
396,400,F,F
397,401,V,V
398,402,I,I
399,403,K,R
400,404,G,G
401,405,N,D
402,406,E,E
403,407,V,V
404,408,S,R
405,409,Q,Q
406,410,I,I
407,411,A,A
408,412,P,P
409,413,G,G
410,414,Q,Q
411,415,T,T
412,416,G,G
413,417,N,K
414,418,I,I
415,419,A,A
416,420,D,D
417,421,Y,Y
418,422,N,N
419,423,Y,Y
420,424,K,K
421,425,L,L
422,426,P,P
423,427,D,D
424,428,D,D
425,429,F,F
426,430,T,T
427,431,G,G
428,432,C,C
429,433,V,V
430,434,I,I
431,435,A,A
432,436,W,W
433,437,N,N
434,438,S,S
435,439,N,N
436,440,K,N
437,441,L,L
438,442,D,D
439,443,S,S
440,444,K,K
441,445,H,V
442,446,S,G
443,447,G,G
444,448,N,N
445,449,Y,Y
446,450,D,N
447,451,Y,Y
448,452,W,L
449,453,Y,Y
450,454,R,R
451,455,S,L
452,456,L,F
453,457,R,R
454,458,K,K
455,459,S,S
456,460,K,N
457,461,L,L
458,462,K,K
459,463,P,P
460,464,F,F
461,465,E,E
462,466,R,R
463,467,D,D
464,468,I,I
465,469,S,S
466,470,T,T
467,471,E,E
468,472,I,I
469,473,Y,Y
470,474,Q,Q
471,475,A,A
472,476,G,G
473,477,N,S
474,478,K,T
475,479,P,P
476,480,C,C
477,481,K,N
478,482,G,G
479,484,K,E
480,485,G,G
481,486,P,F
482,487,N,N
483,488,C,C
484,489,Y,Y
485,490,F,F
486,491,P,P
487,492,L,L
488,493,E,Q
489,494,S,S
490,495,Y,Y
491,496,G,G
492,497,F,F
493,498,R,Q
494,499,P,P
495,500,T,T
496,501,Y,N
497,502,G,G
498,503,V,V
499,504,G,G
500,505,H,Y
501,506,Q,Q
502,507,P,P
503,508,Y,Y
504,509,R,R
505,510,V,V
506,511,V,V
507,512,V,V
508,513,L,L
509,514,S,S
510,515,F,F
511,516,E,E
512,517,L,L
513,518,L,L
514,519,H,H
515,520,A,A
516,521,P,P
517,522,A,A
518,523,T,T
519,524,V,V
520,525,C,C
521,526,G,G
522,527,P,P
523,528,K,K
524,529,K,K
525,530,S,S
526,531,T,T
527,532,N,N
528,533,L,L
529,534,V,V
530,535,K,K
531,536,N,N
532,537,K,K
533,538,C,C
534,539,V,V
535,540,N,N
536,541,F,F
537,542,N,N
538,543,F,F
539,544,N,N
540,545,G,G
541,546,L,L
542,547,T,T
543,548,G,G
544,549,T,T
545,550,G,G
546,551,V,V
547,552,L,L
548,553,T,T
549,554,K,E
550,555,S,S
551,556,N,N
552,557,K,K
553,558,K,K
554,559,F,F
555,560,L,L
556,561,P,P
557,562,F,F
558,563,Q,Q
559,564,Q,Q
560,565,F,F
561,566,G,G
562,567,R,R
563,568,D,D
564,569,I,I
565,570,V,A
566,571,D,D
567,572,T,T
568,573,T,T
569,574,D,D
570,575,A,A
571,576,V,V
572,577,R,R
573,578,D,D
574,579,P,P
575,580,Q,Q
576,581,T,T
577,582,L,L
578,583,E,E
579,584,I,I
580,585,L,L
581,586,D,D
582,587,I,I
583,588,T,T
584,589,P,P
585,590,C,C
586,591,S,S
587,592,F,F
588,593,G,G
589,594,G,G
590,595,V,V
591,596,S,S
592,597,V,V
593,598,I,I
594,599,T,T
595,600,P,P
596,601,G,G
597,602,T,T
598,603,N,N
599,604,T,T
600,605,S,S
601,606,N,N
602,607,Q,Q
603,608,V,V
604,609,A,A
605,610,V,V
606,611,L,L
607,612,Y,Y
608,613,Q,Q
609,614,G,D
610,615,V,V
611,616,N,N
612,617,C,C
613,618,T,T
614,619,E,E
615,620,V,V
616,621,S,P
617,622,V,V
618,623,A,A
619,624,I,I
620,625,H,H
621,626,A,A
622,627,D,D
623,628,Q,Q
624,629,L,L
625,630,T,T
626,631,P,P
627,632,T,T
628,633,W,W
629,634,R,R
630,635,V,V
631,636,Y,Y
632,637,S,S
633,638,T,T
634,639,G,G
635,640,S,S
636,641,N,N
637,642,V,V
638,643,F,F
639,644,Q,Q
640,645,T,T
641,646,R,R
642,647,A,A
643,648,G,G
644,649,C,C
645,650,L,L
646,651,I,I
647,652,G,G
648,653,A,A
649,654,E,E
650,655,Y,H
651,656,V,V
652,657,N,N
653,658,N,N
654,659,S,S
655,660,Y,Y
656,661,E,E
657,662,C,C
658,663,D,D
659,664,I,I
660,665,P,P
661,666,I,I
662,667,G,G
663,668,A,A
664,669,G,G
665,670,I,I
666,671,C,C
667,672,A,A
668,673,S,S
669,674,Y,Y
670,675,Q,Q
671,676,T,T
672,677,Q,Q
673,678,T,T
674,679,K,N
675,680,S,S
676,681,R,P
677,682,R,R
678,683,R,R
679,684,A,A
680,685,R,R
681,686,S,S
682,687,V,V
683,688,A,A
684,689,S,S
685,690,Q,Q
686,691,S,S
687,692,I,I
688,693,I,I
689,694,A,A
690,695,Y,Y
691,696,T,T
692,697,M,M
693,698,S,S
694,699,L,L
695,700,G,G
696,701,A,A
697,702,E,E
698,703,N,N
699,704,S,S
700,705,V,V
701,706,A,A
702,707,Y,Y
703,708,S,S
704,709,N,N
705,710,N,N
706,711,S,S
707,712,I,I
708,713,A,A
709,714,I,I
710,715,P,P
711,716,T,T
712,717,N,N
713,718,F,F
714,719,T,T
715,720,I,I
716,721,S,S
717,722,V,V
718,723,T,T
719,724,T,T
720,725,E,E
721,726,I,I
722,727,L,L
723,728,P,P
724,729,V,V
725,730,S,S
726,731,M,M
727,732,T,T
728,733,K,K
729,734,T,T
730,735,S,S
731,736,V,V
732,737,D,D
733,738,C,C
734,739,T,T
735,740,M,M
736,741,Y,Y
737,742,I,I
738,743,C,C
739,744,G,G
740,745,D,D
741,746,S,S
742,747,T,T
743,748,E,E
744,749,C,C
745,750,S,S
746,751,N,N
747,752,L,L
748,753,L,L
749,754,L,L
750,755,Q,Q
751,756,Y,Y
752,757,G,G
753,758,S,S
754,759,F,F
755,760,C,C
756,761,T,T
757,762,Q,Q
758,763,L,L
759,764,K,N
760,765,R,R
761,766,A,A
762,767,L,L
763,768,T,T
764,769,G,G
765,770,I,I
766,771,A,A
767,772,V,V
768,773,E,E
769,774,Q,Q
770,775,D,D
771,776,K,K
772,777,N,N
773,778,T,T
774,779,Q,Q
775,780,E,E
776,781,V,V
777,782,F,F
778,783,A,A
779,784,Q,Q
780,785,V,V
781,786,K,K
782,787,Q,Q
783,788,I,I
784,789,Y,Y
785,790,K,K
786,791,T,T
787,792,P,P
788,793,P,P
789,794,I,I
790,795,K,K
791,796,Y,D
792,797,F,F
793,798,G,G
794,799,G,G
795,800,F,F
796,801,N,N
797,802,F,F
798,803,S,S
799,804,Q,Q
800,805,I,I
801,806,L,L
802,807,P,P
803,808,D,D
804,809,P,P
805,810,S,S
806,811,K,K
807,812,P,P
808,813,S,S
809,814,K,K
810,815,R,R
811,816,S,S
812,817,F,F
813,818,I,I
814,819,E,E
815,820,D,D
816,821,L,L
817,822,L,L
818,823,F,F
819,824,N,N
820,825,K,K
821,826,V,V
822,827,T,T
823,828,L,L
824,829,A,A
825,830,D,D
826,831,A,A
827,832,G,G
828,833,F,F
829,834,I,I
830,835,K,K
831,836,Q,Q
832,837,Y,Y
833,838,G,G
834,839,D,D
835,840,C,C
836,841,L,L
837,842,G,G
838,843,D,D
839,844,I,I
840,845,A,A
841,846,A,A
842,847,R,R
843,848,D,D
844,849,L,L
845,850,I,I
846,851,C,C
847,852,A,A
848,853,Q,Q
849,854,K,K
850,855,F,F
851,856,N,N
852,857,G,G
853,858,L,L
854,859,T,T
855,860,V,V
856,861,L,L
857,862,P,P
858,863,P,P
859,864,L,L
860,865,L,L
861,866,T,T
862,867,D,D
863,868,E,E
864,869,M,M
865,870,I,I
866,871,A,A
867,872,Q,Q
868,873,Y,Y
869,874,T,T
870,875,S,S
871,876,A,A
872,877,L,L
873,878,L,L
874,879,A,A
875,880,G,G
876,881,T,T
877,882,I,I
878,883,T,T
879,884,S,S
880,885,G,G
881,886,W,W
882,887,T,T
883,888,F,F
884,889,G,G
885,890,A,A
886,891,G,G
887,892,A,A
888,893,A,A
889,894,L,L
890,895,Q,Q
891,896,I,I
892,897,P,P
893,898,F,F
894,899,A,A
895,900,M,M
896,901,Q,Q
897,902,M,M
898,903,A,A
899,904,Y,Y
900,905,R,R
901,906,F,F
902,907,N,N
903,908,G,G
904,909,I,I
905,910,G,G
906,911,V,V
907,912,T,T
908,913,Q,Q
909,914,N,N
910,915,V,V
911,916,L,L
912,917,Y,Y
913,918,E,E
914,919,N,N
915,920,Q,Q
916,921,K,K
917,922,L,L
918,923,I,I
919,924,A,A
920,925,N,N
921,926,Q,Q
922,927,F,F
923,928,N,N
924,929,S,S
925,930,A,A
926,931,I,I
927,932,G,G
928,933,K,K
929,934,I,I
930,935,Q,Q
931,936,D,D
932,937,S,S
933,938,L,L
934,939,F,S
935,940,S,S
936,941,T,T
937,942,A,A
938,943,S,S
939,944,A,A
940,945,L,L
941,946,G,G
942,947,K,K
943,948,L,L
944,949,Q,Q
945,950,D,D
946,951,V,V
947,952,V,V
948,953,N,N
949,954,H,Q
950,955,N,N
951,956,A,A
952,957,Q,Q
953,958,A,A
954,959,L,L
955,960,N,N
956,961,T,T
957,962,L,L
958,963,V,V
959,964,K,K
960,965,Q,Q
961,966,L,L
962,967,S,S
963,968,S,S
964,969,K,N
965,970,F,F
966,971,G,G
967,972,A,A
968,973,I,I
969,974,S,S
970,975,S,S
971,976,V,V
972,977,L,L
973,978,N,N
974,979,D,D
975,980,I,I
976,981,L,L
977,982,S,S
978,983,R,R
979,984,L,L
980,985,D,D
981,986,K,K
982,987,V,V
983,988,E,E
984,989,A,A
985,990,E,E
986,991,V,V
987,992,Q,Q
988,993,I,I
989,994,D,D
990,995,R,R
991,996,L,L
992,997,I,I
993,998,T,T
994,999,G,G
995,1000,R,R
996,1001,L,L
997,1002,Q,Q
998,1003,S,S
999,1004,L,L
1000,1005,Q,Q
1001,1006,T,T
1002,1007,Y,Y
1003,1008,V,V
1004,1009,T,T
1005,1010,Q,Q
1006,1011,Q,Q
1007,1012,L,L
1008,1013,I,I
1009,1014,R,R
1010,1015,A,A
1011,1016,A,A
1012,1017,E,E
1013,1018,I,I
1014,1019,R,R
1015,1020,A,A
1016,1021,S,S
1017,1022,A,A
1018,1023,N,N
1019,1024,L,L
1020,1025,A,A
1021,1026,A,A
1022,1027,T,T
1023,1028,K,K
1024,1029,M,M
1025,1030,S,S
1026,1031,E,E
1027,1032,C,C
1028,1033,V,V
1029,1034,L,L
1030,1035,G,G
1031,1036,Q,Q
1032,1037,S,S
1033,1038,K,K
1034,1039,R,R
1035,1040,V,V
1036,1041,D,D
1037,1042,F,F
1038,1043,C,C
1039,1044,G,G
1040,1045,K,K
1041,1046,G,G
1042,1047,Y,Y
1043,1048,H,H
1044,1049,L,L
1045,1050,M,M
1046,1051,S,S
1047,1052,F,F
1048,1053,P,P
1049,1054,Q,Q
1050,1055,S,S
1051,1056,A,A
1052,1057,P,P
1053,1058,H,H
1054,1059,G,G
1055,1060,V,V
1056,1061,V,V
1057,1062,F,F
1058,1063,L,L
1059,1064,H,H
1060,1065,V,V
1061,1066,T,T
1062,1067,Y,Y
1063,1068,V,V
1064,1069,P,P
1065,1070,A,A
1066,1071,Q,Q
1067,1072,E,E
1068,1073,K,K
1069,1074,N,N
1070,1075,F,F
1071,1076,T,T
1072,1077,T,T
1073,1078,A,A
1074,1079,P,P
1075,1080,A,A
1076,1081,I,I
1077,1082,C,C
1078,1083,H,H
1079,1084,D,D
1080,1085,G,G
1081,1086,K,K
1082,1087,A,A
1083,1088,H,H
1084,1089,F,F
1085,1090,P,P
1086,1091,R,R
1087,1092,E,E
1088,1093,G,G
1089,1094,V,V
1090,1095,F,F
1091,1096,V,V
1092,1097,S,S
1093,1098,N,N
1094,1099,G,G
1095,1100,T,T
1096,1101,H,H
1097,1102,W,W
1098,1103,F,F
1099,1104,L,V
1100,1105,T,T
1101,1106,Q,Q
1102,1107,R,R
1103,1108,N,N
1104,1109,F,F
1105,1110,Y,Y
1106,1111,E,E
1107,1112,P,P
1108,1113,Q,Q
1109,1114,I,I
1110,1115,I,I
1111,1116,T,T
1112,1117,T,T
1113,1118,D,D
1114,1119,N,N
1115,1120,T,T
1116,1121,F,F
1117,1122,V,V
1118,1123,S,S
1119,1124,G,G
1120,1125,N,N
1121,1126,C,C
1122,1127,D,D
1123,1128,V,V
1124,1129,V,V
1125,1130,I,I
1126,1131,G,G
1127,1132,I,I
1128,1133,V,V
1129,1134,N,N
1130,1135,N,N
1131,1136,T,T
1132,1137,V,V
1133,1138,Y,Y
1134,1139,D,D
1135,1140,P,P
1136,1141,L,L
1137,1142,Q,Q
1138,1143,L,P
1139,1144,E,E
1140,1145,L,L
1141,1146,D,D
1142,1147,S,S
1143,1148,F,F
1144,1149,K,K
1145,1150,E,E
1146,1151,E,E
1147,1152,L,L
1148,1153,D,D
1149,1154,K,K
1150,1155,Y,Y
1151,1156,F,F
1152,1157,K,K
1153,1158,N,N
1154,1159,H,H
1155,1160,T,T
1156,1161,S,S
1157,1162,P,P
1158,1163,D,D
1159,1164,V,V
1160,1165,D,D
1161,1166,L,L
1162,1167,G,G
1163,1168,D,D
1164,1169,I,I
1165,1170,S,S
1166,1171,G,G
1167,1172,I,I
1168,1173,N,N
1169,1174,A,A
1170,1175,S,S
1171,1176,V,V
1172,1177,V,V
1173,1178,N,N
1174,1179,I,I
1175,1180,Q,Q
1176,1181,K,K
1177,1182,E,E
1178,1183,I,I
1179,1184,D,D
1180,1185,R,R
1181,1186,L,L
1182,1187,N,N
1183,1188,E,E
1184,1189,V,V
1185,1190,A,A
1186,1191,K,K
1187,1192,N,N
1188,1193,L,L
1189,1194,N,N
1190,1195,E,E
1191,1196,S,S
1192,1197,L,L
1193,1198,I,I
1194,1199,D,D
1195,1200,L,L
1196,1201,Q,Q
1197,1202,E,E
1198,1203,L,L
1199,1204,G,G
1200,1205,K,K
1201,1206,Y,Y
1202,1207,E,E
1203,1208,Q,Q
1204,1209,Y,Y
1205,1210,I,I
1206,1211,K,K
1207,1212,W,W
1208,1213,P,P
1209,1214,W,W
1210,1215,Y,Y
1211,1216,I,I
1212,1217,W,W
1213,1218,L,L
1214,1219,G,G
1215,1220,F,F
1216,1221,I,I
1217,1222,A,A
1218,1223,G,G
1219,1224,L,L
1220,1225,I,I
1221,1226,A,A
1222,1227,I,I
1223,1228,V,V
1224,1229,M,M
1225,1230,V,V
1226,1231,T,T
1227,1232,I,I
1228,1233,M,M
1229,1234,L,L
1230,1235,C,C
1231,1236,C,C
1232,1237,M,M
1233,1238,T,T
1234,1239,S,S
1235,1240,C,C
1236,1241,C,C
1237,1242,S,S
1238,1243,C,C
1239,1244,L,L
1240,1245,K,K
1241,1246,G,G
1242,1247,C,C
1243,1248,C,C
1244,1249,S,S
1245,1250,C,C
1246,1251,G,G
1247,1252,S,S
