clade	inclusive_count	exclusive_count
19A	8173555	13547
19B	7168	7168
20A	8152840	128260
20B	4746334	117234
20C	157523	111132
20D	8588	6340
20E	112497	112497
20F	11458	11458
20G	85436	85436
20H (Beta)	9604	9604
20I (Alpha)	631527	631527
20J (Gamma)	31641	31641
21A (Delta)	2902887	2179
21B (Kappa)	1058	1058
21C (Epsilon)	46388	46388
21D (Eta)	2960	2960
21E (Theta)	49	49
21F (Iota)	3	3
21G (Lambda)	2248	2248
21H (Mu)	6281	6281
21I (Delta)	200514	200514
21J (Delta)	2700194	2700194
21K (BA.1)	1121152	1121152
21L (BA.2)	2822440	1039861
21M (Omicron)	3945837	2245
22A (BA.4)	96987	96987
22B (BA.5)	946120	746675
22C (BA.2.12.1)	169881	169881
22D (BA.2.75)	65564	36054
22E (BQ.1)	199445	199445
22F (XBB)	390255	30902
23A (XBB.1.5)	166015	160927
23B (XBB.1.16)	47831	47831
23C (CH.1.1)	29510	29510
23D (XBB.1.9)	129212	52146
23E (XBB.2.3)	16295	16295
23F (EG.5.1)	77066	68307
23G (XBB.1.5.70)	5088	5088
23H (HK.3)	8759	8759
23I (BA.2.86)	113772	7994
24A (JN.1)	105778	95162
24B (JN.1.11.1)	10616	5957
24C (KP.3)	4659	4659
A	7168	1204
A.1	2669	2669
A.11	10	10
A.12	6	6
A.18	4	4
A.19	4	4
A.2	1793	201
A.2.2	216	216
A.2.3	205	205
A.2.4	2	2
A.2.5	1169	994
A.2.5.1	52	52
A.2.5.2	117	117
A.2.5.3	6	6
A.21	141	141
A.23	21	21
A.23.1	403	382
A.24	2	2
A.25	19	19
A.26	19	19
A.27	143	143
A.28	129	129
A.29	111	111
A.3	223	223
A.4	32	32
A.5	128	128
A.6	124	124
A.7	4	4
AA.1	2301	80
AA.2	133	133
AA.3	32	32
AA.4	113	113
AA.5	67	67
AA.6	62	62
AA.7	118	118
AA.8	46	46
AC.1	25	25
AD.1	2	2
AD.2	4882	4882
AE.1	4	4
AE.2	13	13
AE.4	17	17
AE.6	30	30
AE.7	15	15
AF.1	25	25
AG.1	3	3
AH.1	7	7
AH.2	104	104
AH.3	8	8
AK.1	82	82
AK.2	4	4
AM.3	34	34
AN.1	23	23
AP.1	613	613
AQ.1	2	2
AS.1	114	114
AS.2	69	69
AT.1	5	5
AU.2	3	3
AV.1	266	266
AY.1	828	828
AY.10	1384	1384
AY.100	66933	66933
AY.101	818	818
AY.102	47	47
AY.103	242192	242057
AY.103.1	135	135
AY.104	48	48
AY.105	824	824
AY.106	886	886
AY.107	3221	3221
AY.108	435	435
AY.109	1158	1158
AY.11	720	720
AY.110	2088	2088
AY.111	7663	7663
AY.112	2675	2431
AY.112.1	84	84
AY.112.2	158	158
AY.112.3	2	2
AY.113	7915	7915
AY.114	4421	4421
AY.116	4513	683
AY.116.1	3830	3830
AY.117	13303	13303
AY.118	17773	17773
AY.119	39830	30241
AY.119.1	86	86
AY.119.2	9503	9503
AY.120	34693	30181
AY.120.1	3282	3282
AY.120.2	1230	22
AY.120.2.1	1208	1208
AY.121	16731	14796
AY.121.1	1935	1935
AY.122	99075	96951
AY.122.1	204	204
AY.122.2	51	51
AY.122.3	1056	1056
AY.122.4	525	525
AY.122.5	20	20
AY.122.6	268	268
AY.123	177	118
AY.123.1	59	59
AY.124	2305	2085
AY.124.1	220	139
AY.124.1.1	81	81
AY.125	11396	11394
AY.125.1	2	2
AY.126	22792	22792
AY.127	11264	11190
AY.127.1	74	74
AY.128	115	115
AY.129	9744	9744
AY.13	5203	5203
AY.130	61	61
AY.131	93	93
AY.132	539	539
AY.133	62	62
AY.134	774	774
AY.14	11216	11216
AY.15	99	99
AY.16	1458	1330
AY.16.1	128	128
AY.17	195	195
AY.19	4	4
AY.2	2624	2624
AY.20	21091	21045
AY.20.1	46	46
AY.21	36	36
AY.22	43	43
AY.23	1836	1659
AY.23.1	12	12
AY.23.2	165	165
AY.24	468	450
AY.24.1	18	18
AY.25	177379	119242
AY.25.1	56919	56903
AY.25.1.2	16	16
AY.25.2	117	117
AY.25.3	1101	1101
AY.26	34121	34116
AY.26.1	5	5
AY.27	243	243
AY.28	32	32
AY.29	1406	1335
AY.29.1	38	38
AY.29.2	33	33
AY.3	154243	139785
AY.3.1	13393	13393
AY.3.3	769	769
AY.3.4	296	296
AY.30	514	514
AY.31	31	31
AY.32	1042	1042
AY.33	9837	9427
AY.33.1	34	34
AY.33.2	376	376
AY.34	10287	5642
AY.34.1	4203	3831
AY.34.1.1	372	372
AY.34.2	442	442
AY.35	1202	1202
AY.36	11001	8972
AY.36.1	2029	2029
AY.37	1947	1947
AY.38	7509	1004
AY.39	54698	42926
AY.39.1	11447	6754
AY.39.1.1	4687	4687
AY.39.1.2	4	4
AY.39.1.4	2	2
AY.39.2	303	303
AY.39.3	22	22
AY.4	1002459	829276
AY.4.1	1596	1596
AY.4.10	1485	1485
AY.4.11	392	392
AY.4.12	7	7
AY.4.13	297	297
AY.4.14	755	755
AY.4.15	1324	1324
AY.4.16	3	3
AY.4.17	6	6
AY.4.2	142266	89037
AY.4.2.1	18677	18677
AY.4.2.2	30178	30178
AY.4.2.3	3490	3490
AY.4.2.4	33	33
AY.4.2.5	851	851
AY.4.3	1823	1823
AY.4.4	1277	1277
AY.4.5	3357	3357
AY.4.6	11663	11663
AY.4.7	988	988
AY.4.8	4654	4654
AY.4.9	1290	1290
AY.41	1425	1425
AY.42	11466	11439
AY.42.1	27	27
AY.43	139107	127951
AY.43.1	199	199
AY.43.2	172	172
AY.43.3	270	270
AY.43.4	3002	3002
AY.43.5	14	14
AY.43.6	6114	6114
AY.43.7	69	69
AY.43.8	772	772
AY.43.9	544	544
AY.44	203164	203164
AY.45	1164	1164
AY.46	41231	5177
AY.46.1	1263	1263
AY.46.2	907	907
AY.46.3	211	211
AY.46.4	5012	5012
AY.46.5	13914	13914
AY.46.6	14747	14742
AY.46.6.1	5	5
AY.47	32457	32457
AY.48	1504	1504
AY.49	165	165
AY.5	54687	51469
AY.5.1	25	25
AY.5.2	36	36
AY.5.3	1912	1912
AY.5.4	1016	1016
AY.5.5	222	222
AY.5.6	7	7
AY.50	49	49
AY.51	946	946
AY.52	977	977
AY.53	379	379
AY.54	10783	10783
AY.55	53	53
AY.56	239	239
AY.57	1398	1398
AY.58	573	573
AY.59	49	49
AY.6	28083	28083
AY.60	624	624
AY.61	246	246
AY.62	1646	1646
AY.63	12	12
AY.64	1500	1500
AY.65	1320	1320
AY.66	54	54
AY.67	1946	1946
AY.68	823	823
AY.69	32	32
AY.7	14934	5561
AY.7.1	8670	8670
AY.7.2	703	703
AY.70	1031	1031
AY.71	345	345
AY.72	368	368
AY.73	454	454
AY.74	767	767
AY.75	16995	16965
AY.75.2	28	28
AY.75.3	2	2
AY.76	15	15
AY.77	334	334
AY.78	172	172
AY.79	102	102
AY.8	1769	1769
AY.80	1145	1145
AY.81	535	535
AY.82	23	23
AY.83	489	489
AY.84	1264	1264
AY.85	745	745
AY.86	72	72
AY.87	990	990
AY.88	577	577
AY.9	32709	13335
AY.9.2	19374	19289
AY.9.2.2	85	85
AY.90	1972	1972
AY.91	827	647
AY.91.1	180	180
AY.92	700	700
AY.93	7	7
AY.94	373	373
AY.95	147	147
AY.98	58234	43715
AY.98.1	14519	13923
AY.98.1.1	596	596
AY.99	5370	300
AY.99.1	222	222
AY.99.2	4848	4848
AZ.2	220	143
AZ.2.1	77	77
AZ.3	520	520
AZ.4	51	51
AZ.5	24	24
B	8173555	4067
B.1	8152840	67014
B.1.1	4746334	26121
B.1.1.1	8609	2194
B.1.1.10	955	730
B.1.1.101	35	35
B.1.1.107	31	31
B.1.1.109	24	24
B.1.1.111	32	32
B.1.1.113	141	141
B.1.1.114	18	18
B.1.1.115	286	120
B.1.1.116	8	8
B.1.1.117	9	9
B.1.1.118	16	16
B.1.1.119	29	29
B.1.1.12	133	133
B.1.1.120	26	26
B.1.1.121	3	3
B.1.1.122	10	10
B.1.1.123	53	53
B.1.1.125	95	95
B.1.1.128	108	108
B.1.1.129	211	2
B.1.1.13	17	17
B.1.1.130	72	72
B.1.1.132	63	63
B.1.1.133	21	21
B.1.1.134	83	83
B.1.1.135	238	216
B.1.1.136	35	35
B.1.1.137	75	75
B.1.1.138	180	180
B.1.1.139	32	32
B.1.1.14	58	58
B.1.1.141	110	110
B.1.1.142	943	738
B.1.1.144	31	31
B.1.1.145	20	20
B.1.1.147	16	16
B.1.1.148	17	17
B.1.1.149	65	65
B.1.1.15	84	84
B.1.1.152	3	3
B.1.1.153	273	273
B.1.1.154	24	24
B.1.1.155	14	14
B.1.1.157	2	2
B.1.1.158	46	46
B.1.1.159	47	47
B.1.1.16	11	11
B.1.1.160	10	10
B.1.1.161	60	60
B.1.1.162	26	26
B.1.1.163	12	12
B.1.1.164	202	202
B.1.1.165	76	76
B.1.1.166	29	29
B.1.1.168	55	55
B.1.1.169	10	10
B.1.1.17	53	53
B.1.1.170	363	363
B.1.1.171	252	252
B.1.1.172	29	29
B.1.1.174	156	156
B.1.1.175	7	7
B.1.1.176	18	18
B.1.1.177	24	24
B.1.1.178	20	20
B.1.1.180	90	90
B.1.1.181	22	22
B.1.1.182	6	6
B.1.1.185	6	6
B.1.1.186	245	245
B.1.1.187	14	14
B.1.1.189	451	282
B.1.1.190	20	20
B.1.1.192	283	283
B.1.1.193	10	10
B.1.1.194	136	136
B.1.1.194_29706T	24	24
B.1.1.196	193	193
B.1.1.197	30	30
B.1.1.198	825	825
B.1.1.200	143	120
B.1.1.201	2	2
B.1.1.203	22	22
B.1.1.204	121	121
B.1.1.205	93	93
B.1.1.207	709	709
B.1.1.208	80	80
B.1.1.209	30	30
B.1.1.210	20	20
B.1.1.213	49	49
B.1.1.214	483	483
B.1.1.216	161	127
B.1.1.217	282	282
B.1.1.218	63	63
B.1.1.219	254	254
B.1.1.220	240	240
B.1.1.221	2	2
B.1.1.222	17658	3996
B.1.1.224	6	6
B.1.1.225	128	128
B.1.1.226	21	21
B.1.1.227	237	237
B.1.1.228	359	359
B.1.1.229	32	32
B.1.1.231	210	210
B.1.1.232	377	291
B.1.1.234	67	67
B.1.1.236	97	97
B.1.1.237	181	181
B.1.1.239	37	37
B.1.1.240	240	240
B.1.1.241	356	237
B.1.1.242	9	9
B.1.1.243	36	36
B.1.1.244	648	122
B.1.1.249	12	12
B.1.1.25	12283	659
B.1.1.251	65	65
B.1.1.253	399	399
B.1.1.254	57	25
B.1.1.255	361	361
B.1.1.256	75	75
B.1.1.257	81	81
B.1.1.258	32	32
B.1.1.26	184	184
B.1.1.261	6	6
B.1.1.262	71	71
B.1.1.263	14	14
B.1.1.265	232	232
B.1.1.266	23	23
B.1.1.268	18	18
B.1.1.269	632	632
B.1.1.27	2	2
B.1.1.270	100	100
B.1.1.273	6	6
B.1.1.274	105	105
B.1.1.275	8	8
B.1.1.277	490	414
B.1.1.279	1107	1107
B.1.1.28	2404	680
B.1.1.280	18	18
B.1.1.282	42	42
B.1.1.283	2	2
B.1.1.284	268	268
B.1.1.285	60	60
B.1.1.286	345	345
B.1.1.288	9	9
B.1.1.289	551	551
B.1.1.29	135	135
B.1.1.290	40	40
B.1.1.291	957	957
B.1.1.294	290	266
B.1.1.296	64	64
B.1.1.297	207	204
B.1.1.298	11	11
B.1.1.299	81	81
B.1.1.3	142	142
B.1.1.300	91	91
B.1.1.301	853	853
B.1.1.302	25	25
B.1.1.303	354	354
B.1.1.304	1944	235
B.1.1.305	169	144
B.1.1.306	256	166
B.1.1.307	2435	2435
B.1.1.308	90	90
B.1.1.309	189	189
B.1.1.310	77	77
B.1.1.311	3062	3062
B.1.1.312	455	455
B.1.1.315	4927	43
B.1.1.316	1077	1006
B.1.1.317	1514	1331
B.1.1.318	2647	1832
B.1.1.320	18	18
B.1.1.322	70	70
B.1.1.323	71	71
B.1.1.325	6	6
B.1.1.326	11	11
B.1.1.327	7	7
B.1.1.328	17	17
B.1.1.33	889	426
B.1.1.332	4	4
B.1.1.336	2	2
B.1.1.337	208	208
B.1.1.338	5	5
B.1.1.339	13	13
B.1.1.34	87	40
B.1.1.341	16	16
B.1.1.344	60	60
B.1.1.345	4	4
B.1.1.347	16	16
B.1.1.348	623	623
B.1.1.349	16	16
B.1.1.351	91	91
B.1.1.352	27	27
B.1.1.353	6	6
B.1.1.354	28	28
B.1.1.355	85	71
B.1.1.356	12	12
B.1.1.357	2	2
B.1.1.358	10	10
B.1.1.359	9	9
B.1.1.360	34	34
B.1.1.361	21	21
B.1.1.362	215	215
B.1.1.363	181	181
B.1.1.364	4	4
B.1.1.365	179	179
B.1.1.366	2	2
B.1.1.367	41	29
B.1.1.368	212	212
B.1.1.369	2438	2438
B.1.1.37	5452	5452
B.1.1.371	49	49
B.1.1.372	12465	1418
B.1.1.373	6	6
B.1.1.374	71	71
B.1.1.375	9	9
B.1.1.376	108	108
B.1.1.378	62	62
B.1.1.379	32	32
B.1.1.38	19	19
B.1.1.380	33	33
B.1.1.381	2	2
B.1.1.382	47	47
B.1.1.383	10	10
B.1.1.384	56	56
B.1.1.385	209	209
B.1.1.388	2	2
B.1.1.389	8	8
B.1.1.39	1614	1612
B.1.1.392	12	12
B.1.1.395	27	27
B.1.1.396	3	3
B.1.1.397	84	84
B.1.1.398	2	2
B.1.1.4	331	331
B.1.1.40	42	42
B.1.1.402	32	8
B.1.1.403	25	25
B.1.1.404	13	13
B.1.1.405	36	11
B.1.1.406	93	93
B.1.1.408	41	41
B.1.1.41	183	183
B.1.1.413	69	69
B.1.1.416	874	874
B.1.1.418	48	48
B.1.1.420	301	301
B.1.1.421	7	7
B.1.1.423	12	12
B.1.1.425	5	5
B.1.1.426	19	19
B.1.1.428	59	59
B.1.1.429	52	52
B.1.1.43	78	78
B.1.1.432	526	526
B.1.1.434	1709	1709
B.1.1.437	27	27
B.1.1.438	2	2
B.1.1.44	278	278
B.1.1.440	11	11
B.1.1.441	16	16
B.1.1.442	2	2
B.1.1.445	24	24
B.1.1.447	2	2
B.1.1.448	21	16
B.1.1.45	38	38
B.1.1.450	50	50
B.1.1.453	150	150
B.1.1.458	7	7
B.1.1.459	85	85
B.1.1.46	33	33
B.1.1.461	51	51
B.1.1.462	3	3
B.1.1.463	12	12
B.1.1.464	612	612
B.1.1.466	3	3
B.1.1.467	34	34
B.1.1.47	104	104
B.1.1.48	30	30
B.1.1.480	31	31
B.1.1.482	29	29
B.1.1.484	8	8
B.1.1.485	16	16
B.1.1.486	327	327
B.1.1.487	95	95
B.1.1.49	66	66
B.1.1.5	40	40
B.1.1.50	116	116
B.1.1.500	11	11
B.1.1.506	2	2
B.1.1.507	32	32
B.1.1.51	579	579
B.1.1.512	32	32
B.1.1.513	2	2
B.1.1.514	29	29
B.1.1.517	110	110
B.1.1.518	65	65
B.1.1.519	13504	13504
B.1.1.521	90	90
B.1.1.523	169	169
B.1.1.524	3	3
B.1.1.525	15	15
B.1.1.528	74	74
B.1.1.529	3945860	65
B.1.1.529_dropout	3945864	4
B.1.1.54	5	5
B.1.1.55	81	81
B.1.1.57	74	74
B.1.1.58	82	82
B.1.1.59	184	184
B.1.1.61	70	70
B.1.1.62	3	3
B.1.1.63	882	882
B.1.1.67	233	233
B.1.1.7	631420	624703
B.1.1.70	1658	1045
B.1.1.71	82	82
B.1.1.72	17	17
B.1.1.74	226	226
B.1.1.75	92	7
B.1.1.77	23	23
B.1.1.7_dropout	631532	112
B.1.1.8	196	185
B.1.1.82	22	22
B.1.1.83	338	338
B.1.1.86	26	26
B.1.1.88	3	3
B.1.1.89	140	140
B.1.1.92	31	31
B.1.1.93	34	34
B.1.1.95	64	64
B.1.1.97	30	30
B.1.1.98	38	38
B.1.103	56	56
B.1.104	246	246
B.1.105	116	116
B.1.106	24	24
B.1.108	91	91
B.1.110	1298	199
B.1.110.1	2	2
B.1.110.2	6	6
B.1.110.3	1091	1091
B.1.111	423	423
B.1.112	163	163
B.1.113	59	59
B.1.115	16	16
B.1.116	15	15
B.1.117	77	77
B.1.12	34	34
B.1.120	136	136
B.1.124	111	111
B.1.126	708	708
B.1.127	4	4
B.1.128	88	88
B.1.13	428	428
B.1.131	52	52
B.1.134	2	2
B.1.137	5	5
B.1.139	2076	765
B.1.14	58	58
B.1.142	366	366
B.1.143	25	25
B.1.145	10	10
B.1.146	103	103
B.1.147	85	85
B.1.151	85	85
B.1.153	64	64
B.1.157	136	136
B.1.159	28	28
B.1.160	154	154
B.1.160.10	123	123
B.1.160.11	175	175
B.1.160.12	156	156
B.1.160.13	8	8
B.1.160.14	355	143
B.1.160.14_18580	212	212
B.1.160.15	189	189
B.1.160.16	1075	507
B.1.160.16_13923	568	568
B.1.160.19	26	26
B.1.160.20	104	104
B.1.160.22	134	134
B.1.160.23	223	223
B.1.160.25	20	20
B.1.160.26	354	354
B.1.160.28	91	91
B.1.160.29	200	200
B.1.160.30	875	875
B.1.160.31	143	119
B.1.160.32	186	186
B.1.160.33	206	206
B.1.160.7	732	526
B.1.160.8	2	2
B.1.160.9	95	95
B.1.161	4	4
B.1.162	107	107
B.1.163	14	14
B.1.164	10	10
B.1.165	69	69
B.1.166	118	118
B.1.167	13	13
B.1.168	37	37
B.1.170	31	31
B.1.173	35	35
B.1.177	111971	55918
B.1.177.10	1209	1209
B.1.177.11	2272	2272
B.1.177.12	12	12
B.1.177.15	2221	1650
B.1.177.16	1695	1695
B.1.177.17	1358	1358
B.1.177.18	948	948
B.1.177.19	750	750
B.1.177.2	222	222
B.1.177.20	751	751
B.1.177.21	124	124
B.1.177.23	306	306
B.1.177.24	8	8
B.1.177.25	2	2
B.1.177.26	301	301
B.1.177.28	72	72
B.1.177.3	121	121
B.1.177.30	553	553
B.1.177.31	40	40
B.1.177.32	126	126
B.1.177.33	102	102
B.1.177.35	20	20
B.1.177.39	8	8
B.1.177.4	5169	5169
B.1.177.40	3	3
B.1.177.41	5	5
B.1.177.43	551	551
B.1.177.44	1400	1400
B.1.177.44_no29366T	264	264
B.1.177.45	2611	2611
B.1.177.46	5	5
B.1.177.47	82	82
B.1.177.48	347	347
B.1.177.5	883	883
B.1.177.50	15	15
B.1.177.51	108	108
B.1.177.52	273	254
B.1.177.53	1195	105
B.1.177.54	1781	1682
B.1.177.55	354	354
B.1.177.56	5540	1522
B.1.177.57	4018	4018
B.1.177.58	829	829
B.1.177.59	6	6
B.1.177.6	1042	1042
B.1.177.60	265	177
B.1.177.62	611	611
B.1.177.63	348	348
B.1.177.65	1562	1562
B.1.177.67	3	3
B.1.177.68	3	3
B.1.177.69	792	792
B.1.177.7	6316	6316
B.1.177.71	100	100
B.1.177.72	32	32
B.1.177.73	61	61
B.1.177.74	11	11
B.1.177.75	269	269
B.1.177.76	3	3
B.1.177.77	232	232
B.1.177.8	1377	1377
B.1.177.80	7	7
B.1.177.81	2926	2660
B.1.177.82	324	324
B.1.177.83	122	122
B.1.177.84	164	164
B.1.177.85	38	38
B.1.177.86	2544	2544
B.1.177.87	1400	1400
B.1.177.89	55	55
B.1.177.9	1389	836
B.1.178	12	12
B.1.179	11	11
B.1.180	3	3
B.1.181	21	21
B.1.182	4	4
B.1.184	13	13
B.1.187	15	15
B.1.188	29	29
B.1.189	80	80
B.1.190	83	83
B.1.194	5	5
B.1.195	18	18
B.1.198	14	14
B.1.199	140	140
B.1.2	85436	85436
B.1.201	300	300
B.1.203	3	3
B.1.205	7	7
B.1.206	229	188
B.1.208	6	6
B.1.210	65	65
B.1.211	7	7
B.1.213	46	46
B.1.214	509	509
B.1.215	108	108
B.1.218	59	59
B.1.219	17	17
B.1.22	285	285
B.1.220	70	70
B.1.221	3945	3432
B.1.221.1	370	370
B.1.221.2	132	132
B.1.221.3	5	5
B.1.221.4	6	6
B.1.222	559	559
B.1.223	283	283
B.1.225	207	207
B.1.227	4	4
B.1.229	85	85
B.1.23	129	129
B.1.231	23	23
B.1.232	1613	1613
B.1.233	12	12
B.1.234	4698	4698
B.1.235	419	419
B.1.236	337	337
B.1.237	91	91
B.1.238	72	72
B.1.239	578	578
B.1.240	4037	3941
B.1.240.2	34	34
B.1.241	1259	1259
B.1.243	9469	9292
B.1.243.1	23	23
B.1.243.2	16	16
B.1.245	28	28
B.1.248	33	33
B.1.249	13	13
B.1.250	72	72
B.1.251	47	47
B.1.252	169	169
B.1.254	40	40
B.1.256	60	60
B.1.258	7061	4581
B.1.258.10	96	96
B.1.258.11	8	8
B.1.258.12	129	129
B.1.258.14	112	112
B.1.258.17	1170	1170
B.1.258.2	57	33
B.1.258.22	5	5
B.1.258.23	43	43
B.1.258.3	528	528
B.1.258.4	307	307
B.1.258.5	125	125
B.1.258.6	54	54
B.1.258.7	543	543
B.1.264	79	79
B.1.265	564	564
B.1.267	41	41
B.1.268	99	99
B.1.273	103	103
B.1.274	29	29
B.1.276	15	15
B.1.277	16	16
B.1.280	719	719
B.1.281	37	37
B.1.282	71	71
B.1.287	33	33
B.1.289	295	295
B.1.293	54	54
B.1.294	74	74
B.1.298	219	219
B.1.3	286	286
B.1.301	177	177
B.1.302	13	13
B.1.304	25	25
B.1.305	477	477
B.1.306	151	151
B.1.308	112	112
B.1.309	11	11
B.1.310	16	16
B.1.311	2698	2538
B.1.313	111	111
B.1.314	113	113
B.1.315	261	261
B.1.318	22	22
B.1.319	178	178
B.1.320	831	826
B.1.321	16	16
B.1.323	137	137
B.1.324	631	631
B.1.325	20	20
B.1.328	29	29
B.1.329	35	35
B.1.330	112	112
B.1.332	184	184
B.1.333	7	7
B.1.334	17	17
B.1.335	25	25
B.1.336	207	207
B.1.337	231	231
B.1.338	101	101
B.1.340	152	152
B.1.341	13	13
B.1.342	2	2
B.1.344	56	56
B.1.346	394	394
B.1.348	49	49
B.1.349	783	783
B.1.35	149	149
B.1.350	13	6
B.1.350.1	7	7
B.1.351	9604	8846
B.1.351.2	285	285
B.1.351.3	465	465
B.1.351.5	8	8
B.1.355	54	54
B.1.356	236	236
B.1.357	3	3
B.1.359	22	22
B.1.36	7684	1163
B.1.36.1	391	391
B.1.36.10	72	72
B.1.36.12	106	106
B.1.36.16	421	421
B.1.36.17	2650	2166
B.1.36.18	16	16
B.1.36.19	4	4
B.1.36.2	202	202
B.1.36.20	74	74
B.1.36.21	5	5
B.1.36.22	21	21
B.1.36.23	47	47
B.1.36.24	157	157
B.1.36.26	9	9
B.1.36.27	604	604
B.1.36.28	185	185
B.1.36.29	209	209
B.1.36.31	211	211
B.1.36.34	34	34
B.1.36.35	289	289
B.1.36.38	260	58
B.1.36.39	484	484
B.1.36.7	139	139
B.1.36.8	331	322
B.1.36.9	299	299
B.1.360	87	87
B.1.361	638	638
B.1.362	318	106
B.1.362.1	15	15
B.1.362.2	197	197
B.1.363	229	229
B.1.366	195	195
B.1.367	805	805
B.1.369	4644	4623
B.1.37	65	65
B.1.370	95	95
B.1.372	3	3
B.1.375	800	800
B.1.377	163	163
B.1.378	26	26
B.1.379	55	55
B.1.38	29	29
B.1.381	146	146
B.1.382	109	109
B.1.383	129	129
B.1.384	293	293
B.1.385	90	90
B.1.389	935	935
B.1.39	15	15
B.1.390	82	82
B.1.391	890	890
B.1.393	16	16
B.1.395	251	102
B.1.396	601	601
B.1.397	156	156
B.1.398	89	89
B.1.399	363	363
B.1.40	60	60
B.1.400	2261	2056
B.1.400.1	57	57
B.1.401	413	345
B.1.402	92	92
B.1.403	303	303
B.1.404	542	542
B.1.405	68	68
B.1.407	25	25
B.1.408	172	172
B.1.409	771	771
B.1.411	7	7
B.1.413	230	230
B.1.415	35	35
B.1.415.1	20	20
B.1.416	261	261
B.1.416.1	379	379
B.1.418	70	70
B.1.420	51	51
B.1.421	148	148
B.1.422	3	3
B.1.423	81	81
B.1.424	7	7
B.1.425	253	253
B.1.426	1031	1031
B.1.427	14526	14526
B.1.428	74	23
B.1.428.1	29	29
B.1.428.2	12	12
B.1.428.3	3	3
B.1.429	46388	31821
B.1.429.1	41	41
B.1.431	25	25
B.1.433	258	258
B.1.435	71	71
B.1.436	92	92
B.1.437	39	39
B.1.438	149	44
B.1.438.1	27	27
B.1.438.3	21	21
B.1.438.4	57	57
B.1.439	104	104
B.1.44	126	126
B.1.441	53	53
B.1.442	25	25
B.1.443	176	176
B.1.444	68	68
B.1.445	31	31
B.1.448	144	144
B.1.450	18	18
B.1.451	52	52
B.1.451_no29179	54	54
B.1.452	95	73
B.1.453	271	271
B.1.456	2	2
B.1.459	2	2
B.1.460	47	47
B.1.462	32	32
B.1.463	3	3
B.1.465	195	195
B.1.466	14	14
B.1.466.1	39	39
B.1.466.2	42	39
B.1.467	23	23
B.1.468	7713	29
B.1.469	140	140
B.1.470	12	12
B.1.471	326	326
B.1.473	46	46
B.1.474	40	40
B.1.478	61	61
B.1.479	26	26
B.1.480	92	92
B.1.483	6	6
B.1.485	66	66
B.1.487	9	9
B.1.489	32	32
B.1.491	18	18
B.1.492	143	143
B.1.493	29	29
B.1.494	21	21
B.1.495	11	11
B.1.496	25	25
B.1.497	52	52
B.1.498	21	21
B.1.499	74	71
B.1.499.1	3	3
B.1.500	9	9
B.1.501	33	33
B.1.502	11	11
B.1.503	364	364
B.1.504	14	14
B.1.505	40	40
B.1.507	53	53
B.1.508	31	31
B.1.509	800	800
B.1.510	4	4
B.1.511	3	3
B.1.513	6	6
B.1.515	59	59
B.1.516	218	218
B.1.517	1748	1748
B.1.518	177	177
B.1.520	10	10
B.1.521	113	113
B.1.523	239	239
B.1.524	78	78
B.1.525	2960	2960
B.1.526	37256	37256
B.1.530	140	140
B.1.531	14	14
B.1.532	166	166
B.1.533	70	70
B.1.539	51	51
B.1.541	116	116
B.1.543	57	57
B.1.544	155	155
B.1.545	44	44
B.1.546	41	41
B.1.548	11	11
B.1.549	160	160
B.1.550	62	62
B.1.551	749	749
B.1.552	35	35
B.1.554	80	80
B.1.555	23	23
B.1.556	80	80
B.1.557	19	19
B.1.558	261	261
B.1.559	40	40
B.1.560	252	212
B.1.561	1918	1918
B.1.562	4	4
B.1.563	55	55
B.1.564	4649	5
B.1.564.1	4	4
B.1.565	1311	1311
B.1.567	171	171
B.1.568	792	792
B.1.569	22	22
B.1.570	422	422
B.1.571	17	17
B.1.572	62	42
B.1.574	124	124
B.1.575	3090	3056
B.1.575.1	34	34
B.1.576	612	259
B.1.577	1047	1047
B.1.578	29	29
B.1.579	49	49
B.1.580	694	56
B.1.581	16	16
B.1.582	2997	1495
B.1.585	27	27
B.1.586	5	5
B.1.587	109	109
B.1.588	819	819
B.1.589	15	15
B.1.590	21	21
B.1.591	86	86
B.1.594	19	19
B.1.595	4895	2370
B.1.595.1	88	88
B.1.595.2	14	14
B.1.595.3	20	20
B.1.595.4	156	156
B.1.596	1302	1302
B.1.596.1	23	23
B.1.597	979	174
B.1.599	160	160
B.1.6	15	15
B.1.600	5	5
B.1.601	12	12
B.1.602	138	138
B.1.603	85	85
B.1.604	37	37
B.1.605	160	160
B.1.606	22	22
B.1.607	18	18
B.1.609	1214	1134
B.1.610	318	318
B.1.617.1	1058	1058
B.1.617.2	2902887	86105
B.1.617.3	28	28
B.1.618	2	2
B.1.619	365	357
B.1.619.1	8	8
B.1.620	190	190
B.1.621	6280	4804
B.1.621.1	1395	1094
B.1.621.2	81	81
B.1.623	2072	2072
B.1.625	264	264
B.1.626	112	112
B.1.627	338	338
B.1.629	11	11
B.1.631	183	183
B.1.632	60	60
B.1.633	3	3
B.1.634	202	202
B.1.635	20	20
B.1.636	83	83
B.1.637	12405	12349
B.1.637.1	56	56
B.1.639	43	43
B.1.640	84	1
B.1.640.1	55	55
B.1.640.2	28	28
B.1.67	22	22
B.1.69	23	23
B.1.70	36	36
B.1.76	84	84
B.1.77	23	23
B.1.78	102	51
B.1.8	259	259
B.1.81	33	33
B.1.9	325	53
B.1.9.1	32	32
B.1.9.2	10	10
B.1.9.4	170	170
B.1.9.5	60	60
B.1.91	149	149
B.1.93	1091	1091
B.1.96	33	33
B.1.97	41	41
B.10	139	139
B.11	123	123
B.12	21	21
B.13	21	21
B.15	63	63
B.18	21	21
B.19	27	27
B.20	43	43
B.23	355	355
B.26	66	66
B.27	60	60
B.28	265	265
B.29	247	247
B.3	1398	774
B.3.1	624	624
B.30	26	26
B.31	270	270
B.32	37	37
B.33	2100	1355
B.34	75	75
B.35	121	121
B.37	5	5
B.38	2	2
B.39	505	428
B.4	324	189
B.4.4	30	30
B.4.5	79	79
B.4.7	19	19
B.4.8	7	7
B.40	2604	2526
B.41	7	7
B.42	6	6
B.43	23	23
B.45	268	268
B.46	48	48
B.47	50	50
B.5	18	18
B.51	20	20
B.52	89	89
B.55	323	200
B.57	68	68
B.58	77	77
B.6	303	286
B.6.6	17	17
B.60	78	78
B.61	2753	149
BA.1	1121152	246790
BA.1.1	568775	455598
BA.1.1.1	19480	18945
BA.1.1.10	997	997
BA.1.1.11	3118	3118
BA.1.1.12	4343	4343
BA.1.1.13	8506	8506
BA.1.1.14	13643	13643
BA.1.1.15	14980	14980
BA.1.1.16	789	789
BA.1.1.17	287	287
BA.1.1.18	36616	36616
BA.1.1.2	5411	5411
BA.1.1.3	360	360
BA.1.1.4	1827	1827
BA.1.1.5	3	3
BA.1.1.6	84	84
BA.1.1.7	303	303
BA.1.1.8	730	730
BA.1.1.9	1557	1557
BA.1.10	2129	2129
BA.1.12	2860	2860
BA.1.13	1012	987
BA.1.13.1	25	25
BA.1.14	3097	2687
BA.1.14.1	323	323
BA.1.14.2	87	87
BA.1.15	104264	71898
BA.1.15.1	30820	30820
BA.1.15.2	1422	1422
BA.1.15.3	39	39
BA.1.16	11799	11735
BA.1.16.1	42	42
BA.1.16.2	22	22
BA.1.17	153094	20826
BA.1.17.1	11	11
BA.1.17.2	132257	127120
BA.1.18	5601	5601
BA.1.19	2033	2033
BA.1.20	16040	16040
BA.1.21	1482	1365
BA.1.21.1	117	117
BA.1.23	17	17
BA.1.3	11	11
BA.1.4	37	37
BA.1.5	515	515
BA.1.6	94	94
BA.1.7	721	721
BA.1.8	689	689
BA.1.9	92	92
BA.1_dropout	1121156	4
BA.2	2822440	724923
BA.2.1	14825	14825
BA.2.10	415405	22126
BA.2.10.1	393077	2792
BA.2.10.2	91	91
BA.2.10.3	92	92
BA.2.10.4	19	19
BA.2.11	153	153
BA.2.12	174099	4084
BA.2.12.1	169881	168021
BA.2.12.2	53	53
BA.2.13	2766	2076
BA.2.13.1	690	690
BA.2.14	1333	1333
BA.2.15	99	99
BA.2.16	556	556
BA.2.17	84	84
BA.2.18	8012	8012
BA.2.19	515	515
BA.2.2	752	633
BA.2.2.1	119	119
BA.2.20	569	569
BA.2.21	873	873
BA.2.22	2071	2071
BA.2.23	17023	16011
BA.2.23.1	1012	1012
BA.2.24	261	261
BA.2.25	268	211
BA.2.25.1	57	57
BA.2.26	911	911
BA.2.27	42	42
BA.2.28	70	70
BA.2.29	159	159
BA.2.3	51005	42889
BA.2.3.1	338	338
BA.2.3.10	186	186
BA.2.3.11	196	196
BA.2.3.12	134	134
BA.2.3.13	309	309
BA.2.3.14	145	145
BA.2.3.15	446	446
BA.2.3.16	11	11
BA.2.3.17	1669	1669
BA.2.3.18	12	12
BA.2.3.2	593	593
BA.2.3.20	2724	1061
BA.2.3.21	3	3
BA.2.3.22	10	10
BA.2.3.4	428	428
BA.2.3.5	156	156
BA.2.3.6	312	312
BA.2.3.7	81	81
BA.2.3.9	272	272
BA.2.3.9_rev10198	20	20
BA.2.30	39	39
BA.2.31	697	697
BA.2.31.1	146	146
BA.2.32	572	572
BA.2.33	5	5
BA.2.34	112	112
BA.2.35	80	80
BA.2.36	4240	4240
BA.2.37	6239	6239
BA.2.38	1625	1475
BA.2.38.1	65	65
BA.2.38.2	16	16
BA.2.38.3	65	3
BA.2.38.4	4	4
BA.2.39	815	815
BA.2.4	120	120
BA.2.40	572	5
BA.2.40.1	567	567
BA.2.41	1653	1653
BA.2.42	143	143
BA.2.43	69	69
BA.2.44	289	289
BA.2.45	169	169
BA.2.46	220	220
BA.2.47	1107	1107
BA.2.48	1365	1365
BA.2.49	759	759
BA.2.5	1553	1553
BA.2.50	856	856
BA.2.51	268	268
BA.2.52	616	616
BA.2.53	280	280
BA.2.54	285	285
BA.2.55	208	208
BA.2.56	883	883
BA.2.57	49	49
BA.2.58	20	20
BA.2.59	83	83
BA.2.6	790	790
BA.2.60	41	41
BA.2.61	19	19
BA.2.62	34	34
BA.2.63	97	97
BA.2.64	141	141
BA.2.65	1163	1163
BA.2.66	29	29
BA.2.67	286	286
BA.2.68	106	106
BA.2.69	7	7
BA.2.7	3060	3060
BA.2.70	116	116
BA.2.71	114	114
BA.2.72	643	643
BA.2.73	529	529
BA.2.74	209	209
BA.2.75	65564	714
BA.2.75.1	1312	553
BA.2.75.10	17	17
BA.2.75.2	2560	1539
BA.2.75.2_no5192	20	7
BA.2.75.3	35072	122
BA.2.75.4	1543	96
BA.2.75.5	23225	543
BA.2.75.6	3065	23
BA.2.75.7	60	38
BA.2.75.9	226	8
BA.2.75_dropout	65572	8
BA.2.76	714	714
BA.2.77	15	15
BA.2.78	66	66
BA.2.79	76	73
BA.2.79.1	3	3
BA.2.8	7995	7995
BA.2.80	25	25
BA.2.81	61	61
BA.2.82	21	21
BA.2.83	7	7
BA.2.85	9	9
BA.2.86	113766	84
BA.2.86.1	113060	2721
BA.2.86.2	141	141
BA.2.86.3	362	138
BA.2.86.4	19	19
BA.2.86.5	43	43
BA.2.86.6	55	21
BA.2.86.7	2	2
BA.2.86_dropout	113772	6
BA.2.87	6	6
BA.2.9	125044	121680
BA.2.9.1	821	821
BA.2.9.2	595	595
BA.2.9.3	1060	1060
BA.2.9.4	80	80
BA.2.9.5	211	211
BA.2.9.6	225	225
BA.2.9.7	372	372
BA.2_10507_18744	1437	1437
BA.2_17079_27945	12	12
BA.2_21765_no22792	2465	1947
BA.2_22792_27945	3239	3239
BA.2_25416_27945	30	30
BA.2_dropout	2822868	266
BA.3	162	78
BA.3.1	84	84
BA.4	96987	18368
BA.4.1	36740	32294
BA.4.1.1	1513	1513
BA.4.1.10	76	69
BA.4.1.11	141	141
BA.4.1.2	41	41
BA.4.1.3	67	67
BA.4.1.4	91	91
BA.4.1.5	45	45
BA.4.1.6	877	877
BA.4.1.8	1351	1351
BA.4.1.9	244	244
BA.4.2	2848	2848
BA.4.3	53	53
BA.4.4	4186	4186
BA.4.5	97	97
BA.4.6	33757	29932
BA.4.6.1	875	875
BA.4.6.2	87	87
BA.4.6.3	326	326
BA.4.6.4	105	105
BA.4.6.5	2432	2321
BA.4.7	838	838
BA.4.8	96994	7
BA.4_dropout	1044343	457
BA.5	946120	9940
BA.5.1	172504	98373
BA.5.1.1	6963	6963
BA.5.1.10	7914	6722
BA.5.1.11	538	538
BA.5.1.12	716	716
BA.5.1.15	51	51
BA.5.1.15_no10183	551	373
BA.5.1.16	114	114
BA.5.1.17	682	682
BA.5.1.18	1562	1562
BA.5.1.19	239	239
BA.5.1.2	3484	3484
BA.5.1.20	73	73
BA.5.1.21	1019	595
BA.5.1.22	8244	8137
BA.5.1.23	6784	6581
BA.5.1.24	3348	3305
BA.5.1.25	2767	2614
BA.5.1.26	247	241
BA.5.1.27	1877	1877
BA.5.1.28	149	149
BA.5.1.29	1492	2
BA.5.1.3	5707	5707
BA.5.1.30	8048	8048
BA.5.1.31	75	75
BA.5.1.32	49	49
BA.5.1.33	678	608
BA.5.1.34	1443	1443
BA.5.1.35	1166	998
BA.5.1.36	88	88
BA.5.1.37	41	41
BA.5.1.38	13	13
BA.5.1.4	889	889
BA.5.1.5	4260	4260
BA.5.1.6	1910	1910
BA.5.1.7	370	370
BA.5.1.8	41	41
BA.5.1.9	462	462
BA.5.10	1382	466
BA.5.10.1	916	52
BA.5.11	2278	2278
BA.5.12	171	171
BA.5.1_no27438	172639	135
BA.5.1_no29666	443	443
BA.5.2	411606	91886
BA.5.2.1	245534	123984
BA.5.2.10	27	27
BA.5.2.11	6	6
BA.5.2.12	219	219
BA.5.2.13	2358	2358
BA.5.2.14	199	199
BA.5.2.16	1422	536
BA.5.2.18	1429	479
BA.5.2.19	590	590
BA.5.2.2	1138	1138
BA.5.2.20	9002	8885
BA.5.2.21	5695	4834
BA.5.2.22	1546	1546
BA.5.2.23	1052	1052
BA.5.2.24	3590	122
BA.5.2.25	574	394
BA.5.2.26	1741	1524
BA.5.2.27	1169	1094
BA.5.2.28	1188	1188
BA.5.2.29	288	288
BA.5.2.3	4979	4727
BA.5.2.30	188	188
BA.5.2.31	1017	854
BA.5.2.32	79	79
BA.5.2.33	731	489
BA.5.2.34	2453	2453
BA.5.2.35	2587	2587
BA.5.2.36	159	125
BA.5.2.37	165	165
BA.5.2.38	49	15
BA.5.2.39	107	107
BA.5.2.4	166	166
BA.5.2.40	4	4
BA.5.2.41	16	16
BA.5.2.43	29	29
BA.5.2.44	197	197
BA.5.2.45	4	4
BA.5.2.46	9	9
BA.5.2.47	484	297
BA.5.2.48	8270	1055
BA.5.2.49	316	247
BA.5.2.5	5	5
BA.5.2.50	45	45
BA.5.2.51	11	11
BA.5.2.52	198	198
BA.5.2.53	322	322
BA.5.2.54	114	114
BA.5.2.55	24	24
BA.5.2.56	132	132
BA.5.2.57	346	346
BA.5.2.58	512	512
BA.5.2.59	294	294
BA.5.2.6	4490	3452
BA.5.2.60	71	71
BA.5.2.61	36	36
BA.5.2.62	133	133
BA.5.2.63	16	16
BA.5.2.7	1215	1177
BA.5.2.8	480	480
BA.5.2.9	9864	9864
BA.5.2_quad_22599T	23	23
BA.5.3	272100	2148
BA.5.3.1	265220	2559
BA.5.3.2	1673	1673
BA.5.3.3	2115	2115
BA.5.3.4	605	605
BA.5.3.5	339	339
BA.5.5	39886	37255
BA.5.5.1	1454	1454
BA.5.5.2	693	693
BA.5.5.3	484	484
BA.5.6	25185	23139
BA.5.6.1	162	162
BA.5.6.2	1626	702
BA.5.6.3	184	184
BA.5.6.4	74	74
BA.5.7	24	24
BA.5.8	3105	3105
BA.5.9	4779	4779
BA.5_dropout	946599	479
BB.2	301	301
BC.1	530	530
BC.2	5	5
BD.1	5137	5137
BE.1	18632	14715
BE.1.1	235453	30771
BE.1.1.1	201090	1540
BE.1.1.2	3592	3470
BE.1.2	1316	690
BE.1.2.1	626	624
BE.1.3	405	405
BE.1.4	2196	1633
BE.1.4.1	195	195
BE.1.4.2	289	289
BE.1.4.3	11	11
BE.1.4.4	68	68
BE.10	259	259
BE.11	26	26
BE.12	331	331
BE.13	45	45
BE.2	933	933
BE.3	5703	5703
BE.4	404	404
BE.4.1	1403	275
BE.4.1.1	1128	158
BE.4.2	294	294
BE.5	484	484
BE.6	36	36
BE.7	85	85
BE.8	52	52
BE.9	213	213
BE.9_alt	5	5
BF.1	6125	5886
BF.1.1	239	239
BF.10	13421	13360
BF.10.1	61	61
BF.11	6904	4598
BF.11.1	623	623
BF.11.2	818	818
BF.11.3	168	168
BF.11.4	310	310
BF.11.5	387	387
BF.12	154	154
BF.13	1299	1299
BF.14	2551	2551
BF.15	286	286
BF.16	398	398
BF.17	17	17
BF.18	55	55
BF.19	52	52
BF.2	1029	1029
BF.20	145	145
BF.21	4247	4247
BF.22	156	156
BF.23	88	88
BF.24	47	47
BF.24_alt	2196	2196
BF.25	491	491
BF.26	6878	6878
BF.27	4401	4401
BF.28	5184	5184
BF.29	283	283
BF.3	661	543
BF.3.1	34	34
BF.30	118	118
BF.31	193	114
BF.31.1	79	79
BF.32	399	399
BF.34	62	62
BF.35	2	2
BF.36	909	909
BF.37	3	3
BF.38	82	78
BF.38.3	4	4
BF.39	847	838
BF.39.1	9	9
BF.4	2317	2317
BF.40	88	88
BF.41	312	296
BF.41.1	16	16
BF.5	15745	13295
BF.5.1	17	17
BF.5.2	12	12
BF.5.4	43	43
BF.5.5	135	135
BF.6	1355	1355
BF.7	40776	20768
BF.7.1	301	301
BF.7.10	148	148
BF.7.11	70	70
BF.7.12	78	78
BF.7.13	115	8
BF.7.13.1	24	24
BF.7.13.2	83	83
BF.7.14	3708	2504
BF.7.14.1	353	353
BF.7.14.2	48	48
BF.7.14.3	40	40
BF.7.14.4	249	249
BF.7.14.5	297	297
BF.7.14.6	149	149
BF.7.14.7	68	68
BF.7.15	89	89
BF.7.16	53	53
BF.7.17	36	36
BF.7.18	9	9
BF.7.19	521	493
BF.7.19.1	28	28
BF.7.2	198	198
BF.7.20	945	945
BF.7.21	754	754
BF.7.22	671	671
BF.7.23	429	429
BF.7.24	766	766
BF.7.26	177	177
BF.7.27	273	273
BF.7.3	128	128
BF.7.4	5030	2896
BF.7.4.1	1848	1848
BF.7.4.2	284	284
BF.7.4.3	2	2
BF.7.5	3215	2965
BF.7.5.1	250	250
BF.7.6	1591	1591
BF.7.7	530	530
BF.7.8	144	144
BF.7.9	29	29
BF.8	3337	3337
BF.9	180	180
BG.1	32	32
BG.2	741	741
BG.3	12	12
BG.4	46	46
BG.5	1029	1029
BH.1	62	62
BJ.1	9	9
BK.1	1192	1192
BL.1	513	454
BL.1.1	4	4
BL.1.2	5	5
BL.1.3	19	19
BL.1.4	25	25
BL.1.5	6	6
BL.2	129	129
BL.3	34	34
BL.4	24	24
BL.5	27	27
BL.6	32	32
BM.1	22	22
BM.1.1	5020	238
BM.1.1.1	3744	75
BM.1.1.2	12	12
BM.1.1.3	952	721
BM.1.1.4	44	31
BM.1.1.5	30	30
BM.2	72	17
BM.2.1	22	22
BM.2.3	3	3
BM.3	5	5
BM.4	34849	4
BM.4.1	34845	8
BM.4.1.1	34837	285
BM.5	19	19
BM.6	2	2
BN.1	22007	2539
BN.1.1	269	173
BN.1.1.1	96	96
BN.1.10	88	88
BN.1.11	9	9
BN.1.2	3894	1743
BN.1.2.1	713	713
BN.1.2.2	99	99
BN.1.2.3	1123	277
BN.1.2.4	79	79
BN.1.2.5	14	14
BN.1.2.6	73	73
BN.1.2.7	36	36
BN.1.2.8	14	14
BN.1.3	9113	3484
BN.1.3.1	4315	3138
BN.1.3.10	9	9
BN.1.3.11	7	7
BN.1.3.12	144	144
BN.1.3.13	6	6
BN.1.3.2	22	22
BN.1.3.3	95	95
BN.1.3.4	10	10
BN.1.3.5	217	217
BN.1.3.6	433	433
BN.1.3.7	166	166
BN.1.3.8	167	34
BN.1.3.9	38	38
BN.1.4	2404	636
BN.1.4.1	175	175
BN.1.4.2	192	192
BN.1.4.3	209	209
BN.1.4.4	1077	1077
BN.1.4.5	115	115
BN.1.5	2668	2580
BN.1.5.2	88	88
BN.1.6	18	18
BN.1.7	781	781
BN.1.8	11	11
BN.1.9	213	213
BN.2	41	13
BN.2.1	28	28
BN.3	436	17
BN.3.1	419	419
BN.4	10	10
BN.5	72	72
BN.6	116	116
BQ.1	199445	11233
BQ.1.1	132256	67637
BQ.1.1.1	2243	2098
BQ.1.1.10	1217	1070
BQ.1.1.11	224	219
BQ.1.1.12	5	5
BQ.1.1.13	4514	651
BQ.1.1.14	63	55
BQ.1.1.15	1021	979
BQ.1.1.16	57	57
BQ.1.1.17	180	180
BQ.1.1.18	3235	2670
BQ.1.1.19	357	357
BQ.1.1.2	3315	2305
BQ.1.1.20	4324	4324
BQ.1.1.21	100	100
BQ.1.1.22	1412	1016
BQ.1.1.23	1152	1152
BQ.1.1.24	965	965
BQ.1.1.25	60	60
BQ.1.1.26	176	176
BQ.1.1.27	280	280
BQ.1.1.28	926	889
BQ.1.1.29	301	301
BQ.1.1.3	3564	3248
BQ.1.1.30	25	25
BQ.1.1.31	467	467
BQ.1.1.32	2797	1972
BQ.1.1.34	58	58
BQ.1.1.35	588	397
BQ.1.1.36	116	116
BQ.1.1.37	41	41
BQ.1.1.38	262	67
BQ.1.1.39	96	91
BQ.1.1.4	5241	4033
BQ.1.1.40	416	416
BQ.1.1.41	1202	1202
BQ.1.1.42	280	280
BQ.1.1.43	339	293
BQ.1.1.44	32	32
BQ.1.1.45	586	586
BQ.1.1.46	67	67
BQ.1.1.46_25406	276	57
BQ.1.1.47	258	258
BQ.1.1.48	125	125
BQ.1.1.49	84	84
BQ.1.1.5	5518	2517
BQ.1.1.51	1002	1002
BQ.1.1.52	904	600
BQ.1.1.53	429	66
BQ.1.1.54	380	380
BQ.1.1.55	21	21
BQ.1.1.56	196	196
BQ.1.1.57	375	375
BQ.1.1.58	105	105
BQ.1.1.59	79	79
BQ.1.1.6	1132	1132
BQ.1.1.60	84	84
BQ.1.1.61	66	66
BQ.1.1.62	38	38
BQ.1.1.63	398	398
BQ.1.1.64	13	13
BQ.1.1.65	323	282
BQ.1.1.66	152	152
BQ.1.1.67	481	481
BQ.1.1.68	1000	1000
BQ.1.1.69	1909	1909
BQ.1.1.7	1759	1638
BQ.1.1.70	25	25
BQ.1.1.71	144	132
BQ.1.1.72	263	257
BQ.1.1.74	119	44
BQ.1.1.76	10	10
BQ.1.1.77	63	63
BQ.1.1.78	3	3
BQ.1.1.79	34	34
BQ.1.1.8	2240	2221
BQ.1.1.9	23	23
BQ.1.10	4510	3085
BQ.1.10.1	1215	775
BQ.1.10.2	179	179
BQ.1.10.3	31	31
BQ.1.11	2919	2883
BQ.1.11.1	36	36
BQ.1.12	3937	3937
BQ.1.13	3193	1663
BQ.1.13.1	1530	1530
BQ.1.14	3033	3033
BQ.1.15	1030	1013
BQ.1.15.1	8	8
BQ.1.15.2	9	9
BQ.1.16	215	215
BQ.1.17	92	92
BQ.1.18	2151	2151
BQ.1.19	19	19
BQ.1.2	6146	5024
BQ.1.2.1	338	228
BQ.1.2.2	55	14
BQ.1.2.3	729	729
BQ.1.20	138	138
BQ.1.21	340	340
BQ.1.22	138	138
BQ.1.23	1633	1633
BQ.1.24	89	89
BQ.1.25	1944	1017
BQ.1.25.1	924	924
BQ.1.26	549	174
BQ.1.26.1	330	330
BQ.1.26.2	45	45
BQ.1.27	133	133
BQ.1.28	590	590
BQ.1.29	71	71
BQ.1.3	4017	134
BQ.1.3.1	718	718
BQ.1.3.2	3165	3165
BQ.1.30	3	3
BQ.1.31	91	91
BQ.1.32	59	59
BQ.1.33	25	25
BQ.1.4	305	305
BQ.1.5	2225	2225
BQ.1.6	723	723
BQ.1.7	114	114
BQ.1.8	4920	4087
BQ.1.8.1	16	16
BQ.1.8.2	817	738
BQ.1.9	161	161
BQ.1_17039	19636	12735
BQ.2	105	105
BR.1	500	332
BR.1.2	168	168
BR.2	847	91
BR.2.1	756	756
BR.3	53	53
BR.4	19	19
BR.5	28	21
BR.5.1	7	7
BS.1	71	17
BS.1.1	54	54
BT.1	111	111
BT.2	313	313
BU.1	588	588
BU.2	95	95
BU.3	203	203
BV.1	117	117
BV.2	98	98
BW.1	924	215
BW.1.1	702	383
BW.1.1.1	205	205
BW.1.1.2	114	114
BW.1.2	7	7
BY.1	482	375
BY.1.1	50	2
BY.1.1.1	48	48
BY.1.2	46	46
BZ.1	131	131
BZ.2	121	121
C.1	31	22
C.12	124	124
C.13	5	5
C.14	23	23
C.16	327	327
C.17	1829	545
C.18	31	31
C.2	47	8
C.2.1	39	39
C.20	11	11
C.23	124	124
C.25	2	2
C.26	17	17
C.27	59	59
C.28	14	14
C.3	139	139
C.30	606	601
C.30.1	5	5
C.31	22	22
C.32	3	3
C.33	3	3
C.35	564	564
C.36	1914	85
C.36.1	4	4
C.36.2	27	27
C.36.3	1253	1002
C.36.3.1	251	251
C.37	2247	2142
C.37.1	105	105
C.38	71	71
C.4	17	17
C.5	11	11
C.8	3	3
CA.1	200	200
CA.2	20	20
CA.3	342	106
CA.3.1	236	236
CA.5	95	95
CA.6	11	11
CA.7	333	333
CB.1	218	218
CC.1	122	122
CD.1	55	55
CD.2	108	108
CE.1	242	242
CF.1	75	75
CG.1	217	217
CH.1	29518	8
CH.1.1	29510	9802
CH.1.1.1	9893	3139
CH.1.1.10	399	399
CH.1.1.11	1068	478
CH.1.1.12	845	571
CH.1.1.13	289	289
CH.1.1.14	205	205
CH.1.1.15	278	278
CH.1.1.16	151	151
CH.1.1.17	573	36
CH.1.1.18	166	166
CH.1.1.19	985	832
CH.1.1.2	1666	1666
CH.1.1.20	54	54
CH.1.1.21	55	55
CH.1.1.22	30	30
CH.1.1.23	43	43
CH.1.1.24	250	250
CH.1.1.25	630	630
CH.1.1.26	51	51
CH.1.1.27	47	47
CH.1.1.28	237	237
CH.1.1.29	5	5
CH.1.1.3	152	147
CH.1.1.30	40	40
CH.1.1.32	96	96
CH.1.1.4	9	9
CH.1.1.5	384	384
CH.1.1.6	553	553
CH.1.1.7	72	72
CH.1.1.8	241	241
CH.1.1.9	232	232
CH.2	8	8
CH.3	6	1
CH.3.1	5	5
CJ.1	434	8
CJ.1.1	26	26
CJ.1.2	361	361
CJ.1.3	39	35
CJ.1.3.1	2	2
CJ.1.3.2	2	2
CK.1	1673	710
CK.1.1	6	0
CK.1.1.1	2	2
CK.1.1.2	4	4
CK.1.2	52	52
CK.1.3	139	139
CK.1.4	478	478
CK.1.5	288	288
CK.2	1484	178
CK.2.1	1306	255
CK.2.1.1	1051	943
CK.3	213	213
CL.1	1490	1153
CL.1.1	242	242
CL.1.2	22	22
CL.1.3	73	73
CM.1	27	27
CM.10	61	61
CM.11	16	16
CM.12	33	33
CM.2	552	548
CM.2.1	4	4
CM.3	27	27
CM.4	145	122
CM.4.1	23	23
CM.5	161	76
CM.5.1	10	10
CM.5.2	75	75
CM.6	33	10
CM.6.1	23	23
CM.7	16	8
CM.7.1	8	4
CM.7.1.1	4	4
CM.8	485	6
CM.8.1	479	379
CM.8.1.1	24	1
CM.8.1.2	15	15
CM.8.1.3	35	35
CM.8.1.4	26	26
CM.9	31	31
CN.1	525	525
CN.2	336	336
CP.1	647	457
CP.1.1	98	98
CP.1.2	59	59
CP.1.3	33	33
CP.2	46	46
CP.3	13	13
CP.4	53	53
CP.5	101	101
CP.6	26	26
CP.7	2	2
CP.8	150	150
CQ.1	299	196
CQ.1.1	103	103
CQ.2	671	671
CR.1	896	311
CR.1.1	532	532
CR.1.3	53	53
CR.2	54	54
CS.1	7	7
CT.1	34	34
CU.1	6	6
CV.1	220	220
CV.2	11	11
CW.1	8	8
CY.1	32	32
CY.2	6	6
CZ.1	2	2
CZ.2	143	143
D.2	11458	11458
D.3	151	151
D.4	12	12
D.5	3	3
DA.1	34	34
DB.1	157	157
DB.2	23	23
DC.1	111	111
DE.1	145	145
DE.2	58	58
DF.1	864	470
DF.1.1	394	394
DG.1	108	108
DH.1	107	107
DJ.1	153	11
DJ.1.1	129	81
DJ.1.1.1	48	48
DJ.1.2	4	4
DJ.1.3	9	9
DK.1	121	121
DL.1	178	178
DM.1	42	42
DN.1	1368	408
DN.1.1	960	664
DN.1.1.1	50	50
DN.1.1.2	42	42
DN.1.1.3	119	119
DN.1.1.4	85	85
DN.2	1596	1596
DN.3	37	16
DN.3.1	21	21
DP.1	19	19
DQ.1	187	187
DR.1	202	202
DR.2	114	114
DS.1	73	73
DS.2	329	329
DS.3	775	775
DT.1	84	84
DT.2	674	674
DT.3	67	67
DU.1	1010	1010
DV.1	1071	246
DV.1.1	825	825
DV.2	219	219
DV.3	545	490
DV.3.1	55	55
DV.4	12	12
DV.5	62	62
DV.6	3496	3408
DV.6.1	40	40
DV.6.2	48	48
DV.7	1338	255
DV.7.1	1042	217
DV.7.1.1	20	20
DV.7.1.2	273	243
DV.7.1.3	48	48
DV.7.1.4	224	224
DV.7.1.5	243	235
DV.7.1.6	9	9
DV.7.1.7	8	8
DV.7.2	41	41
DV.8	11	11
DW.1	2	2
DY.1	1241	1167
DY.1.1	74	74
DY.2	1991	1991
DY.3	2415	2415
DY.4	1568	1568
DZ.1	38	38
DZ.2	31	31
EA.1	280	280
EA.2	24	24
EB.1	168	168
EC.1	440	262
EC.1.1	178	178
ED.1	30	30
ED.2	393	393
ED.3	142	142
EE.1	450	450
EE.2	419	419
EE.3	90	90
EE.4	78	78
EE.5	171	171
EF.1	3027	1197
EF.1.1	1296	1110
EF.1.1.1	186	70
EF.1.2	175	175
EF.1.3	359	37
EF.2	795	795
EF.3	41	41
EG.1	3166	1527
EG.1.1	2	2
EG.1.2	162	162
EG.1.3	505	505
EG.1.4	378	373
EG.1.4.1	5	5
EG.1.5	63	63
EG.1.6	348	348
EG.1.7	18	18
EG.1.8	163	163
EG.10	661	11
EG.10.1	650	181
EG.10.1.1	469	469
EG.11	23	23
EG.12	11	11
EG.13	249	249
EG.14	182	182
EG.2	459	436
EG.2.2	9	9
EG.2.3	2	2
EG.2.4	2	2
EG.2.5	10	10
EG.3	147	147
EG.4	616	476
EG.4.1	39	39
EG.4.2	54	54
EG.4.3	18	18
EG.4.4	14	14
EG.4.5	15	15
EG.5	78205	84
EG.5.1	77066	4537
EG.5.1.1	31222	15568
EG.5.1.10	24	24
EG.5.1.11	270	5
EG.5.1.12	66	66
EG.5.1.13	916	916
EG.5.1.14	614	614
EG.5.1.15	296	296
EG.5.1.16	877	877
EG.5.1.17	27	27
EG.5.1.18	45	45
EG.5.1.19	341	341
EG.5.1.2	125	125
EG.5.1.3	8481	4270
EG.5.1.4	3167	3030
EG.5.1.5	176	176
EG.5.1.6	24094	2662
EG.5.1.7	154	154
EG.5.1.8	1327	1018
EG.5.1.9	212	212
EG.5.2	1055	521
EG.5.2.1	339	339
EG.5.2.2	65	65
EG.5.2.3	103	103
EG.5.2.4	27	16
EG.6	1605	21
EG.6.1	1584	1480
EG.6.1.1	86	86
EG.6.1.2	18	18
EG.7	158	158
EG.8	89	89
EG.9	100	17
EG.9.1	83	83
EH.1	37	37
EJ.1	34	34
EJ.2	99	99
EK.2	402	250
EK.2.1	152	152
EK.3	147	147
EK.4	42	42
EL.1	219	219
EM.1	659	659
EN.1	219	215
EN.1.1	4	4
EP.1	4	1
EP.1.1	3	1
EP.1.1.1	2	2
EP.2	9	9
EQ.1	70	70
ER.1	396	241
ER.1.1	155	155
ES.1	41	41
ET.1	191	191
EU.1	1280	75
EU.1.1	1205	867
EU.1.1.1	242	242
EU.1.1.2	16	16
EU.1.1.3	80	80
EV.1	12	12
EW.1	42	42
EW.2	149	149
EW.3	4	4
EY.1	116	116
EZ.1	46	46
FA.1	54	54
FA.2	93	93
FB.1	35	35
FB.2	75	75
FC.1	6	6
FD.1	525	160
FD.1.1	365	365
FD.2	2165	2165
FD.3	46	46
FD.4	775	694
FD.4.1	81	81
FD.5	154	65
FD.5.1	89	89
FE.1	1734	73
FE.1.1	1106	574
FE.1.1.1	446	102
FE.1.1.2	57	57
FE.1.1.3	86	86
FE.1.1.4	12	12
FE.1.1.5	22	22
FE.1.2	464	464
FF.1	79	79
FG.1	50	50
FG.2	112	112
FG.3	142	142
FH.1	202	202
FJ.1	153	153
FK.1	537	29
FK.1.1	269	225
FK.1.1.2	44	44
FK.1.2	168	21
FK.1.2.1	120	120
FK.1.2.2	27	27
FK.1.3	37	9
FK.1.3.1	2	2
FK.1.3.2	26	19
FK.1.4.1	5	5
FK.1.5	29	29
FL.1	12328	308
FL.1.1	125	123
FL.1.1.1	2	2
FL.1.2	20	20
FL.1.3	101	101
FL.1.4	59	59
FL.1.5	11669	218
FL.1.5.1	10796	8900
FL.1.5.2	655	85
FL.1.6	22	22
FL.1.8	24	24
FL.10	880	620
FL.10.1	233	233
FL.10.2	14	14
FL.10.3	13	13
FL.11	54	54
FL.12	294	294
FL.13	944	305
FL.13.1	250	250
FL.13.2	168	168
FL.13.3	171	123
FL.13.3.1	48	48
FL.13.4	44	9
FL.13.4.1	35	35
FL.13.5	6	6
FL.14	54	54
FL.15	1080	515
FL.15.1	370	1
FL.15.1.1	369	350
FL.15.2	62	62
FL.15.3	91	91
FL.15.4	42	42
FL.16	467	467
FL.17	89	68
FL.17.1	3	3
FL.17.2	18	18
FL.18	331	298
FL.18.1	33	27
FL.18.1.1	6	6
FL.19	91	19
FL.19.1	72	72
FL.2	4125	1421
FL.2.1	256	256
FL.2.2	26	7
FL.2.2.1	19	19
FL.2.3	2047	2000
FL.2.3.1	47	47
FL.2.4	375	375
FL.2.5	221	221
FL.2.6	32	32
FL.2.7	122	71
FL.2.7.1	51	51
FL.20	693	200
FL.20.1	305	305
FL.20.2	188	188
FL.21	171	41
FL.21.1	12	12
FL.21.2	118	118
FL.22	147	147
FL.23	54	17
FL.23.1	31	31
FL.23.2.1	6	6
FL.24	266	188
FL.24.1	78	78
FL.25	217	217
FL.26	93	83
FL.26.1	10	10
FL.27	117	117
FL.28	10	10
FL.29	92	92
FL.3	3944	1824
FL.3.1	980	980
FL.3.2	473	473
FL.3.3	448	448
FL.3.4	219	219
FL.30	15	15
FL.31	113	62
FL.31.1	51	51
FL.32	65	32
FL.32.1	33	33
FL.33	72	72
FL.33.1	9	9
FL.34	16	16
FL.35	78	73
FL.35.1	5	5
FL.36	41	41
FL.37	80	80
FL.38	7	7
FL.39	15	15
FL.4	3871	2730
FL.4.1	24	16
FL.4.1.1	8	8
FL.4.10	91	91
FL.4.11	226	226
FL.4.2	317	317
FL.4.3	21	21
FL.4.4	2	2
FL.4.5	98	98
FL.4.6	292	292
FL.4.8	20	20
FL.4.9	50	50
FL.40	14	14
FL.5	1196	1171
FL.5.1	25	25
FL.6	11	11
FL.7	148	148
FL.8	377	377
FL.9	327	327
FM.1	138	138
FM.2	225	225
FN.1	75	75
FP.1	5	5
FP.2	33	3
FP.2.1	30	20
FP.2.1.1	10	10
FP.3	3	3
FP.4	90	90
FQ.1	5	5
FR.1	840	152
FR.1.1	387	387
FR.1.2	25	25
FR.1.3	124	124
FR.1.4	142	142
FR.1.5	10	10
FR.2	6	6
FS.1	274	274
FT.1	11	11
FT.2	20	20
FT.3	315	108
FT.3.1	207	49
FT.3.1.1	158	158
FT.4	30	30
FU.1	3742	3675
FU.1.1	67	30
FU.1.1.1	37	37
FU.2	1497	937
FU.2.1	560	560
FU.3	46	25
FU.3.1	21	21
FU.4	6	6
FU.5	28	28
FV.1	23	23
FW.1	381	76
FW.1.1	305	87
FW.1.1.1	218	218
FW.2	8	8
FY.1	579	36
FY.1.1	84	84
FY.1.2	350	252
FY.1.2.1	31	31
FY.1.2.2	32	32
FY.1.2.3	35	35
FY.1.4	97	39
FY.1.4.1	58	58
FY.2	257	228
FY.2.1	29	29
FY.3	3236	539
FY.3.1	1525	1525
FY.3.2	732	732
FY.3.3	440	440
FY.4	558	19
FY.4.1	390	177
FY.4.1.1	86	86
FY.4.1.2	127	127
FY.4.2	149	149
FY.5	745	68
FY.5.1	223	82
FY.5.1.1	141	141
FY.5.2	30	30
FY.5.3	6	6
FY.5.4	46	46
FY.5.5	372	204
FY.5.5.1	168	168
FY.6	40	15
FY.6.1	12	12
FY.6_2935	13	13
FY.7	3	3
FY.8	112	26
FY.8.1	86	60
FY.8.1.1	26	26
FY.9	51	51
FZ.1	291	101
FZ.1.1	190	190
FZ.2	85	85
G.1	24	24
GA.1	80	80
GA.10	4	2
GA.10.1	2	2
GA.2	38	35
GA.2.1	3	3
GA.3	56	56
GA.4	197	6
GA.4.1	185	149
GA.4.1.1	3	3
GA.4.1.2	22	22
GA.4.1.3	11	11
GA.4.2	6	6
GA.5	69	69
GA.6	51	39
GA.6.1	12	12
GA.7	15	2
GA.7.1	7	7
GA.7.2	6	6
GA.8	11	5
GA.8.1	6	6
GA.9	18	18
GB.1	142	142
GB.2	79	79
GC.1	34	34
GC.2	47	47
GD.1	167	167
GD.2	18	18
GE.1	3664	1507
GE.1.1	78	78
GE.1.2	987	72
GE.1.2.1	909	4
GE.1.2.2	6	6
GE.1.3	262	262
GE.1.4	459	459
GE.1.5	329	329
GE.1.6	42	42
GF.1	894	894
GG.1	27	27
GH.1	17	17
GJ.1	3363	11
GJ.1.1	74	74
GJ.1.2	3278	2372
GJ.1.2.1	286	24
GJ.1.2.2	313	313
GJ.1.2.3	2	2
GJ.1.2.4	42	42
GJ.1.2.5	110	110
GJ.1.2.6	90	90
GJ.1.2.7	11	11
GJ.1.2.8	52	52
GJ.2	26	26
GJ.3	110	110
GJ.4	178	178
GJ.5	205	81
GJ.5.1	124	124
GJ.6	19	19
GK.1	2999	203
GK.1.1	1580	1162
GK.1.1.1	418	418
GK.1.10	69	55
GK.1.10.1	12	12
GK.1.11	18	12
GK.1.11.1	6	6
GK.1.2	24	24
GK.1.2.1	50	50
GK.1.3	651	61
GK.1.4	37	37
GK.1.5	15	15
GK.1.6	180	72
GK.1.6.1	108	108
GK.1.7	11	11
GK.1.8	142	128
GK.1.8.1	14	14
GK.1.9	19	19
GK.10	2	2
GK.12	3	3
GK.2	1119	532
GK.2.1	426	404
GK.2.1.1	22	22
GK.2.2	17	17
GK.2.3	71	71
GK.2.4	73	73
GK.3	379	32
GK.3.1	311	311
GK.3.2	36	36
GK.4	49	49
GK.5	4	4
GK.6	48	48
GK.7	41	41
GK.8	33	4
GK.8.1	29	29
GL.1	46	46
GL.3	137	137
GM.1	22	22
GM.2	13	11
GM.3	26	21
GM.3.1	5	5
GN.1	455	267
GN.1.1	144	144
GN.1.2	20	20
GN.1.3	9	9
GN.1.4	15	15
GN.2	10	10
GN.3	11	11
GN.4	29	29
GN.5	3	3
GP.1	54	54
GP.2	430	430
GP.3	106	106
GQ.1	5	5
GR.1	243	243
GS.1	187	187
GS.2	6	6
GS.3	200	200
GS.4	1582	339
GS.4.1	1243	1222
GS.4.1.1	21	21
GS.5	28	28
GS.6	90	90
GS.7	41	37
GS.7.1	4	4
GS.8	40	40
GT.1	2	2
GU.1	154	154
GV.1	258	258
GW.1	186	175
GW.1.1	11	11
GW.2	59	59
GW.3	42	42
GW.4	22	22
GW.5	795	39
GW.5.1	545	55
GW.5.1.1	490	101
GW.5.2	18	18
GW.5.3	174	91
GW.5.3.1	83	83
GY.1	310	281
GY.1.1	29	29
GY.2	45	45
GY.3	13	13
GY.4	6	6
GY.5	370	370
GY.6	170	170
GY.7	93	93
GY.8	25	25
GY.9	31	31
GZ.1	123	123
HA.1	23	23
HA.2	75	75
HB.1	20	20
HC.1	19	19
HC.2	32	32
HC.3	28	28
HC.4	8	8
HD.1	12	6
HD.1.1	6	6
HE.1	320	320
HE.2	24	24
HF.1	2239	1568
HF.1.1	518	518
HF.1.2	153	153
HG.1	14	14
HG.2	91	91
HG.3	4	4
HH.1	353	279
HH.1.1	74	74
HH.2	156	134
HH.2.1	22	22
HH.3	10	10
HH.4	37	37
HH.5	90	90
HH.6	4	4
HH.7	144	144
HH.8	24	12
HH.8.1	12	12
HJ.1	116	116
HK.1	424	277
HK.1.2	147	147
HK.11	361	252
HK.11.1	109	109
HK.12	42	42
HK.13	643	276
HK.13.1	249	249
HK.13.2	118	91
HK.13.2.1	27	27
HK.14	100	100
HK.15	86	86
HK.16	53	53
HK.17	48	48
HK.18	10	10
HK.19	139	139
HK.2	179	117
HK.2.1	62	62
HK.20	348	9
HK.20.1	339	339
HK.21	13	13
HK.22	20	20
HK.23	70	15
HK.23.1	55	46
HK.23.1.1	9	9
HK.24	12	4
HK.24.1	8	8
HK.25	11	11
HK.26	461	435
HK.26.1	26	26
HK.27	785	155
HK.27.1	630	469
HK.27.1.1	161	161
HK.28	259	259
HK.29	452	452
HK.3	8759	4378
HK.3.1	754	754
HK.3.10	67	67
HK.3.11	63	63
HK.3.12	83	83
HK.3.13	226	226
HK.3.14	26	26
HK.3.2	2104	1924
HK.3.2.1	86	86
HK.3.2.2	94	94
HK.3.3	179	179
HK.3.4	259	259
HK.3.5	25	25
HK.3.6	73	73
HK.3.7	37	37
HK.3.8	13	13
HK.3.9	11	11
HK.30	333	322
HK.30_27507T	3	3
HK.31	438	438
HK.32	59	59
HK.33	33	33
HK.34	12	7
HK.34.1	5	5
HK.4	55	55
HK.5	11	11
HK.6	1070	1070
HK.7	166	166
HK.8	458	256
HK.8.1	202	202
HK.9	72	72
HL.1	5	5
HL.2	31	31
HN.1	580	580
HN.2	204	153
HN.2.1	51	51
HN.3	159	61
HN.3.1	80	80
HN.4	415	396
HN.4.1	13	11
HN.4.1.1	2	2
HN.4.2	6	6
HN.5	276	276
HN.6	233	233
HN.7	29	29
HN.8	18	18
HP.1	99	14
HP.1.1	85	85
HQ.1	35	35
HR.1	126	58
HR.1.1	68	68
HS.1	228	178
HS.1.1	50	50
HT.1	203	203
HT.2	190	190
HU.1	106	4
HU.1.1	102	102
HU.2	7	7
HV.1	21376	18832
HV.1.1	872	872
HV.1.10	118	118
HV.1.11	38	38
HV.1.2	317	317
HV.1.3	90	90
HV.1.4	309	309
HV.1.5	167	167
HV.1.6	417	326
HV.1.6.1	91	17
HV.1.7	12	12
HV.1.8	187	187
HV.1.9	17	17
HV.2	56	56
HW.1	237	10
HW.1.1	221	221
HW.1.2	4	4
HW.1.3	2	2
HY.1	143	143
HZ.1	694	694
HZ.2	996	302
HZ.3	152	152
JA.1	34	34
JB.1	6	4
JB.1.1	2	2
JB.2	7	4
JB.2.1	3	3
JC.1	76	76
JC.2	24	24
JC.3	32	32
JC.4	21	21
JC.5	539	341
JC.5.1	198	198
JC.6	7	7
JD.1	4907	59
JD.1.1	4763	2864
JD.1.1.1	679	679
JD.1.1.2	44	44
JD.1.1.3	140	140
JD.1.1.4	6	6
JD.1.1.5	105	105
JD.1.1.6	64	64
JD.1.1.7	329	329
JD.1.1.8	416	288
JD.1.2	85	36
JD.1.2.1	44	44
JD.1.2.2	5	5
JD.2	36	31
JD.2.1	5	5
JE.1	262	119
JE.1.1	143	28
JE.1.1.1	115	74
JF.1	2133	671
JF.1.1	1462	1421
JF.1.1.2	41	41
JF.2	62	62
JF.3	16	16
JF.4	1116	1116
JG.1	80	80
JG.2	122	122
JG.3	3914	2626
JG.3.1	743	743
JG.3.2	457	457
JG.3.3	11	11
JG.3.4	77	77
JG.4	95	95
JH.1	31	31
JH.2	10	10
JJ.1	137	137
JK.1	103	103
JL.1	7	7
JM.1	127	127
JM.2	96	96
JN.1	105778	36631
JN.1.1	6291	5410
JN.1.1.1	140	140
JN.1.1.10	28	28
JN.1.1.2	34	34
JN.1.1.3	57	57
JN.1.1.4	27	27
JN.1.1.5	117	19
JN.1.1.6	48	29
JN.1.1.7	46	28
JN.1.1.8	25	25
JN.1.1.9	343	343
JN.1.10	21	21
JN.1.11	10735	119
JN.1.11.1	10616	561
JN.1.12	10	10
JN.1.13	1545	46
JN.1.13.1	1499	953
JN.1.14	53	53
JN.1.15	106	38
JN.1.15.1	68	16
JN.1.16	766	582
JN.1.16.1	1268	513
JN.1.16.2	30	30
JN.1.16.3	154	41
JN.1.17	139	139
JN.1.18	2700	577
JN.1.18.1	139	13
JN.1.18.2	135	106
JN.1.18.3	237	140
JN.1.18.4	96	84
JN.1.18.5	63	48
JN.1.18.6	62	30
JN.1.18.7	7	3
JN.1.19	780	780
JN.1.2	967	943
JN.1.2.1	24	24
JN.1.20	150	150
JN.1.21	111	111
JN.1.22	904	904
JN.1.23	19	11
JN.1.23.1	8	8
JN.1.24	131	112
JN.1.24.1	19	19
JN.1.25	35	4
JN.1.25.1	31	20
JN.1.26	50	50
JN.1.27	90	90
JN.1.28	141	71
JN.1.28.1	70	19
JN.1.29	135	126
JN.1.29.1	9	7
JN.1.3	188	188
JN.1.30	250	142
JN.1.30.1	108	23
JN.1.31	286	286
JN.1.32	2518	339
JN.1.32.1	140	140
JN.1.34	76	76
JN.1.35	10	10
JN.1.36	28	7
JN.1.36.1	21	21
JN.1.37	39	39
JN.1.38	454	454
JN.1.39	1513	1472
JN.1.39.1	12	12
JN.1.39.2	29	29
JN.1.39.3	258	258
JN.1.4	20747	14482
JN.1.4.1	116	116
JN.1.4.2	922	895
JN.1.4.3	841	179
JN.1.4.4	28	28
JN.1.4.5	3875	3613
JN.1.4.6	95	95
JN.1.4.7	396	313
JN.1.4.8	75	75
JN.1.40	32	32
JN.1.41	140	140
JN.1.42	744	641
JN.1.42.1	19	19
JN.1.42.2	84	84
JN.1.43	810	440
JN.1.43.1	370	370
JN.1.44	62	59
JN.1.44.1	3	3
JN.1.45	498	498
JN.1.46	442	442
JN.1.47	368	138
JN.1.47.1	11	11
JN.1.47.2	219	219
JN.1.48	42	9
JN.1.48.1	10	10
JN.1.48.2	3	3
JN.1.48.3	20	20
JN.1.49	129	108
JN.1.49.1	21	13
JN.1.5	724	724
JN.1.50	148	99
JN.1.50.1	25	25
JN.1.50.2	24	20
JN.1.51	78	25
JN.1.51.1	53	17
JN.1.52	196	196
JN.1.53	93	64
JN.1.53.1	29	22
JN.1.54	41	41
JN.1.55	148	130
JN.1.55.1	13	13
JN.1.55.2	5	5
JN.1.56	13	13
JN.1.57	56	50
JN.1.57.1	6	6
JN.1.58	87	79
JN.1.58.2	5	5
JN.1.58.3	3	3
JN.1.59	138	138
JN.1.6	649	514
JN.1.6.1	135	135
JN.1.60	59	59
JN.1.61	9	9
JN.1.62	12	12
JN.1.63	130	95
JN.1.63.1	35	35
JN.1.64	180	180
JN.1.64.1	116	26
JN.1.65	199	199
JN.1.7	4931	3626
JN.1.7.1	358	358
JN.1.7.2	304	304
JN.1.7.3	14	14
JN.1.7.4	113	113
JN.1.7.5	542	539
JN.1.7.6	62	62
JN.1.7.7	14	14
JN.1.7.8	11	11
JN.1.8	760	474
JN.1.8.1	2039	2039
JN.1.8.2	34	23
JN.1.8.3	231	231
JN.1.8.4	21	21
JN.1.9	4983	905
JN.1.9.1	371	371
JN.1.9.2	3707	3
JN.10	92	92
JN.11	46	39
JN.11.1	7	7
JN.13	53	25
JN.13.1	28	28
JN.14	33	33
JN.15	3	3
JN.16	10	10
JN.17	3	3
JN.18	476	476
JN.19	3	3
JN.2	1428	1313
JN.2.1	22	22
JN.2.2	20	20
JN.2.3	68	68
JN.2.4	5	5
JN.2.5	32	32
JN.3	855	534
JN.3.1	2	2
JN.3.2	41	27
JN.3.2.1	14	14
JN.3.3	278	278
JN.4	153	153
JN.5	149	134
JN.5.1	15	15
JN.6	566	566
JN.7	142	142
JN.8	5	5
JN.9	98	98
JP.1.1	9	9
JQ.1	202	202
JQ.2	22	18
JQ.2.1.1	4	4
JR.1	265	252
JR.1.1.1	13	13
JS.1	115	115
JS.2	61	61
JU.1	11	11
JV.1	8	8
JV.2	22	22
JW.1	4	2
JW.1.1	2	2
JY.1	147	79
JY.1.1	68	68
JZ.1	86	86
K.2	76	76
KA.1	26	26
KB.1	186	186
KB.2	54	54
KB.3	2	2
KB.4	67	67
KC.1	570	507
KC.1.1	63	63
KE.1	111	111
KE.2	15	15
KE.3	263	263
KF.1	19	19
KG.1	8	8
KH.1	41	41
KJ.1	3	3
KK.1	125	125
KK.2	3	3
KL.1	74	46
KL.1.1	28	28
KN.1	2	2
KP.1	1392	109
KP.1.1	1248	654
KP.1.1.1	165	165
KP.1.1.2	7	7
KP.1.1.3	372	262
KP.1.1.4	4	4
KP.1.1.5	46	46
KP.1.2	35	35
KP.2	3743	1896
KP.2.1	31	31
KP.2.10	20	20
KP.2.11	46	46
KP.2.14	68	35
KP.2.14.1	33	33
KP.2.15	153	153
KP.2.16	96	96
KP.2.18	25	25
KP.2.2	304	304
KP.2.3	947	895
KP.2.3.1	4	4
KP.2.3.2	2	2
KP.2.3.3	21	21
KP.2.3.5	20	20
KP.2.3.6	5	5
KP.2.4	5	5
KP.2.5	10	10
KP.2.6	49	49
KP.2.7	5	5
KP.2.8	21	21
KP.2.9	22	22
KP.3	4659	671
KP.3.1	2285	1134
KP.3.1.1	950	931
KP.3.1.4	116	116
KP.3.1.6	72	33
KP.3.1.7	13	13
KP.3.2	765	371
KP.3.2.1	15	15
KP.3.2.2	62	62
KP.3.2.3	104	96
KP.3.2.4	176	176
KP.3.2.5	37	37
KP.3.3	731	639
KP.3.3.2	14	14
KP.3.3.3	58	58
KP.3.3.4	20	20
KP.3.4	38	38
KP.3.5	169	169
KP.4	220	23
KP.4.1	197	173
KP.4.1.1	2	2
KP.4.1.2	10	10
KP.4.1.3	12	12
KP.4.2	45	39
KP.4.2.1	3	3
KP.4.2.2	3	3
KP.5	41	41
KQ.1	567	567
KR.1	91	60
KR.1.1	31	31
KR.3	5	5
KS.1	546	485
KS.1.1	33	33
KS.1.3	28	28
KT.1	905	291
KT.1.1	350	350
KT.1.2	264	264
KU.1	5	5
KU.2	80	80
KV.1	7	7
KV.2	255	255
KW.1	51	43
KW.1.1	8	8
KY.1	11	11
KZ.1	19	9
KZ.1.1	10	10
L.2	13	13
L.3	196	196
L.4	16	16
LA.1	289	235
LA.2	54	54
LB.1	3704	749
LB.1.1	25	25
LB.1.2	307	187
LB.1.2.1	84	64
LB.1.2.2	26	26
LB.1.2.3	10	10
LB.1.3	1092	734
LB.1.3.1	68	68
LB.1.3.2	286	256
LB.1.3.3	4	4
LB.1.4	182	170
LB.1.4.1	12	12
LB.1.5	23	23
LB.1.6	4	4
LB.1.7	1281	1165
LB.1.7.1	26	26
LB.1.7.2	56	56
LB.1.7.3	34	34
LB.1.8	41	41
LC.1	18	18
LE.1	81	42
LE.1.1	30	30
LE.1.2	9	9
LE.2	2	2
LF.1	236	180
LF.1.1	56	15
LF.1.1.1	41	41
LF.2	5	5
LF.3	113	7
LF.3.1	106	88
LF.3.1.1	18	18
LF.4	79	41
LF.4.1	38	38
LF.5	33	33
LH.1	9	9
LH.2	3	3
LJ.1	36	36
LK.1	3	3
LL.1	27	27
LM.1	11	11
LN.1	7	7
LP.1	107	101
LP.1.1	6	6
LP.3	3	3
LQ.1	105	24
LQ.1.1	81	81
LQ.2	12	12
LQ.3	9	9
LS.1	15	15
LT.1	2	2
LU.1	34	34
LU.2	18	18
LV.1	34	34
LW.1	8	8
LY.1	29	29
LY.2	3	3
LZ.1	13	3
LZ.1.1	10	10
LZ.2	16	16
M.2	12	12
M.3	12	12
MA.1	97	97
MB.1	8	1
MB.1.1	7	7
MC.1	2	2
MC.2	14	14
MC.4	3	3
MD.1	44	3
MD.1.1	41	41
MD.2	20	20
MD.3	26	2
MD.3.1	24	24
ME.1	4	4
MH.1	30	30
MJ.1	2	2
MK.1	36	36
MK.2	3	3
MN.1	4	4
N.1	45	45
N.10	3	3
N.2	20	20
N.3	9	9
N.4	46	46
N.5	238	238
N.6	18	18
N.7	20	20
N.8	35	35
N.9	29	29
P.1	31704	19720
P.1.1	317	317
P.1.10	2972	2972
P.1.11	8	8
P.1.12	117	111
P.1.12.1	6	6
P.1.13	845	845
P.1.14	339	339
P.1.15	1460	1460
P.1.16	237	237
P.1.17	3740	3633
P.1.17.1	107	107
P.1.2	334	334
P.1.4	682	682
P.1.6	268	268
P.1.7	551	525
P.1.7.1	26	26
P.1.8	59	59
P.1.9	55	55
P.2	1635	1635
P.3	49	49
P.6	5	5
P.7	31	31
Q.1	13	13
Q.1_21770	124	124
Q.2	8	8
Q.3	5591	5591
Q.4	927	927
Q.6	4	4
Q.7	42	42
Q.8	8	8
R.1	3156	3156
R.2	71	71
U.1	86	86
U.3	2	2
V.1	46	46
V.2	53	53
W.1	61	61
W.2	3	3
W.3	204	204
W.4	822	822
XA	44	44
XAA	73	73
XAB	95	95
XAC	72	72
XAD	65	65
XAE	31	31
XAF	49	49
XAG	44	44
XAH	15	15
XAJ	81	81
XAK	105	105
XAL	93	93
XAM	98	98
XAN	77	77
XAP	54	54
XAS	293	293
XAT	15	15
XAU	27	27
XAV	43	43
XAY	1064	3
XAY.1	297	31
XAY.1.1	261	5
XAY.1.1.1	185	2
XAY.1.1.2	24	24
XAY.1.1.3	47	47
XAY.1.2	5	5
XAY.2	764	307
XAY.2.1	156	156
XAY.2.2	133	133
XAY.2.3	168	168
XAZ	876	876
XB	983	983
XBB	390255	638
XBB.1	369991	6487
XBB.1.1	189	189
XBB.1.10	25	25
XBB.1.11	229	18
XBB.1.11.1	211	80
XBB.1.12	16	14
XBB.1.12.1	2	2
XBB.1.13	120	93
XBB.1.13.1	27	27
XBB.1.14	17	12
XBB.1.14.1	5	5
XBB.1.15	1758	1727
XBB.1.15.1	31	31
XBB.1.16	47831	10786
XBB.1.16.1	8651	3332
XBB.1.16.10	56	56
XBB.1.16.11	4699	4699
XBB.1.16.12	133	133
XBB.1.16.13	2451	212
XBB.1.16.14	231	231
XBB.1.16.15	3069	2846
XBB.1.16.16	241	241
XBB.1.16.17	76	76
XBB.1.16.18	349	349
XBB.1.16.19	377	377
XBB.1.16.2	1870	807
XBB.1.16.20	60	60
XBB.1.16.21	368	368
XBB.1.16.22	150	150
XBB.1.16.23	324	324
XBB.1.16.24	33	33
XBB.1.16.25	57	57
XBB.1.16.26	99	99
XBB.1.16.27	93	93
XBB.1.16.28	22	22
XBB.1.16.29	97	97
XBB.1.16.3	212	212
XBB.1.16.30	47	47
XBB.1.16.31	79	79
XBB.1.16.32	23	20
XBB.1.16.4	84	84
XBB.1.16.5	161	161
XBB.1.16.6	11346	8019
XBB.1.16.7	58	58
XBB.1.16.8	246	246
XBB.1.16.9	607	607
XBB.1.17	909	5
XBB.1.17.1	904	365
XBB.1.18	1944	31
XBB.1.18.1	1913	179
XBB.1.19	1342	45
XBB.1.19.1	1290	186
XBB.1.19.2	7	7
XBB.1.20	2	2
XBB.1.21	35	35
XBB.1.22	6306	184
XBB.1.22.1	5835	254
XBB.1.22.2	275	162
XBB.1.22.3	12	12
XBB.1.23	3	3
XBB.1.24	104	3
XBB.1.24.1	56	56
XBB.1.24.3	45	45
XBB.1.25	5	5
XBB.1.27	8	8
XBB.1.28	1652	9
XBB.1.28.1	412	23
XBB.1.29	20	20
XBB.1.3	14	14
XBB.1.30	67	67
XBB.1.31	20	11
XBB.1.31.2	9	9
XBB.1.32	20	20
XBB.1.33	67	67
XBB.1.34	119	43
XBB.1.34.1	43	43
XBB.1.34.2	33	13
XBB.1.35	21	21
XBB.1.36	4	4
XBB.1.37	45	14
XBB.1.37.1	31	31
XBB.1.38	19	19
XBB.1.39	4	4
XBB.1.4	464	60
XBB.1.4.1	370	370
XBB.1.4.2	34	34
XBB.1.40	4	4
XBB.1.41	1231	7
XBB.1.41.1	861	162
XBB.1.41.2	320	320
XBB.1.41.3	43	39
XBB.1.42	1683	141
XBB.1.42.1	201	201
XBB.1.42.2	1341	1305
XBB.1.43	63	5
XBB.1.43.1	58	58
XBB.1.44	127	33
XBB.1.44.1	94	94
XBB.1.45	146	16
XBB.1.45.1	130	130
XBB.1.46	2	2
XBB.1.47	11	5
XBB.1.47.1	6	6
XBB.1.48	8	8
XBB.1.5	4301	885
XBB.1.5.1	1630	1514
XBB.1.5.10	1621	1621
XBB.1.5.100	316	173
XBB.1.5.101	39	39
XBB.1.5.102	4977	34
XBB.1.5.103	122	96
XBB.1.5.104	224	224
XBB.1.5.105	81	81
XBB.1.5.106	31	31
XBB.1.5.107	236	150
XBB.1.5.108	21	21
XBB.1.5.109	47	47
XBB.1.5.11	951	951
XBB.1.5.110	303	303
XBB.1.5.12	1038	1038
XBB.1.5.13	4633	4042
XBB.1.5.14	680	461
XBB.1.5.15	3807	2307
XBB.1.5.16	1470	1166
XBB.1.5.17	1814	1612
XBB.1.5.18	2181	2181
XBB.1.5.19	841	841
XBB.1.5.2	588	588
XBB.1.5.20	1523	1523
XBB.1.5.21	1050	969
XBB.1.5.22	26	26
XBB.1.5.23	372	372
XBB.1.5.24	2194	1300
XBB.1.5.25	145	145
XBB.1.5.26	1420	140
XBB.1.5.27	186	186
XBB.1.5.28	140	140
XBB.1.5.29	29	29
XBB.1.5.3	343	240
XBB.1.5.30	583	583
XBB.1.5.31	1121	1121
XBB.1.5.32	1286	1286
XBB.1.5.33	1216	1216
XBB.1.5.34	504	504
XBB.1.5.35	948	948
XBB.1.5.36	180	180
XBB.1.5.37	820	820
XBB.1.5.38	168	141
XBB.1.5.39	569	193
XBB.1.5.4	1077	1077
XBB.1.5.40	38	38
XBB.1.5.41	219	65
XBB.1.5.42	265	22
XBB.1.5.43	110	110
XBB.1.5.44	199	112
XBB.1.5.45	12	12
XBB.1.5.46	1262	1041
XBB.1.5.47	1126	750
XBB.1.5.48	1550	1292
XBB.1.5.49	1940	1750
XBB.1.5.5	421	421
XBB.1.5.50	218	218
XBB.1.5.51	1110	1110
XBB.1.5.52	1293	1293
XBB.1.5.53	17	4
XBB.1.5.54	46	46
XBB.1.5.55	301	202
XBB.1.5.56	270	270
XBB.1.5.57	272	88
XBB.1.5.58	8	8
XBB.1.5.59	656	523
XBB.1.5.6	148	148
XBB.1.5.60	162	162
XBB.1.5.61	371	371
XBB.1.5.62	431	431
XBB.1.5.63	434	434
XBB.1.5.64	101	101
XBB.1.5.65	665	665
XBB.1.5.66	517	517
XBB.1.5.67	766	766
XBB.1.5.68	1180	32
XBB.1.5.69	370	370
XBB.1.5.7	4776	4117
XBB.1.5.70	5088	136
XBB.1.5.71	96	96
XBB.1.5.72	959	959
XBB.1.5.73	915	407
XBB.1.5.74	2	2
XBB.1.5.75	108	108
XBB.1.5.76	113	113
XBB.1.5.77	656	530
XBB.1.5.78	167	167
XBB.1.5.79	160	160
XBB.1.5.8	188	188
XBB.1.5.80	323	323
XBB.1.5.81	26	26
XBB.1.5.83	8	8
XBB.1.5.84	13	13
XBB.1.5.85	65	65
XBB.1.5.86	264	166
XBB.1.5.88	54	54
XBB.1.5.89	48	48
XBB.1.5.9	319	319
XBB.1.5.90	94	94
XBB.1.5.91	264	264
XBB.1.5.92	39	39
XBB.1.5.92_823	37	2
XBB.1.5.93	59	47
XBB.1.5.94	53	53
XBB.1.5.95	950	722
XBB.1.5.96	348	348
XBB.1.5.97	141	141
XBB.1.5.98	80	80
XBB.1.5.99	90	90
XBB.1.5_17124	166015	90239
XBB.1.6	85	85
XBB.1.7	58	58
XBB.1.8	43	43
XBB.1.9	129212	493
XBB.1.9.1	38493	5115
XBB.1.9.2	88135	2464
XBB.1.9.3	207	22
XBB.1.9.4	123	123
XBB.1.9.5	29	29
XBB.1.9.6	20	20
XBB.1.9.7	7	7
XBB.2	18690	807
XBB.2.1	40	40
XBB.2.10	32	32
XBB.2.11	416	19
XBB.2.11.1	397	397
XBB.2.12	3	3
XBB.2.2	34	34
XBB.2.3	16295	1447
XBB.2.3.1	224	224
XBB.2.3.10	3690	26
XBB.2.3.11	2608	434
XBB.2.3.12	94	83
XBB.2.3.13	68	34
XBB.2.3.14	48	48
XBB.2.3.15	357	181
XBB.2.3.16	14	14
XBB.2.3.17	47	47
XBB.2.3.18	6	6
XBB.2.3.19	362	215
XBB.2.3.2	1629	811
XBB.2.3.20	66	66
XBB.2.3.21	12	12
XBB.2.3.22	7	7
XBB.2.3.3	4445	544
XBB.2.3.4	199	76
XBB.2.3.5	189	189
XBB.2.3.6	145	84
XBB.2.3.7	83	83
XBB.2.3.8	414	305
XBB.2.3.9	37	37
XBB.2.4	111	111
XBB.2.5	187	187
XBB.2.6	614	584
XBB.2.6.1	19	2
XBB.2.6.2	9	9
XBB.2.6.3	2	2
XBB.2.7	46	40
XBB.2.7.1	6	6
XBB.2.8	95	95
XBB.2.9	10	10
XBB.3	443	202
XBB.3.1	33	33
XBB.3.2	148	148
XBB.3.3	38	38
XBB.3.4	17	17
XBB.3.5	5	5
XBB.4	76	69
XBB.4.1	7	7
XBB.5	8	8
XBB.6	253	33
XBB.6.1	220	220
XBB.7	5	5
XBB.8	80	57
XBB.8.1	17	17
XBB.8.2	6	6
XBB.9	45	45
XBB_dropout	390276	21
XBC	694	0
XBC.1	688	106
XBC.1.1	12	8
XBC.1.1.1	4	4
XBC.1.2	247	5
XBC.1.2.1	242	242
XBC.1.3	28	15
XBC.1.3.1	13	13
XBC.1.4	4	4
XBC.1.5	4	4
XBC.1.6	287	26
XBC.1.6.1	11	9
XBC.1.6.3	244	7
XBC.1.6.4	6	6
XBC.2	6	6
XBD	161	161
XBE	281	281
XBF	2447	1700
XBF.1	84	11
XBF.1.1	73	73
XBF.10	3	3
XBF.2	18	18
XBF.3	180	180
XBF.4	179	179
XBF.5	42	42
XBF.6	65	65
XBF.7	102	54
XBF.7.1	48	48
XBF.8	2	2
XBF.9	72	72
XBG	118	118
XBH	13	13
XBJ	76	13
XBJ.1	7	7
XBJ.2	27	27
XBJ.3	27	27
XBJ.4	2	2
XBK	685	442
XBK.1	243	243
XBL	184	28
XBL.1	14	14
XBL.2	23	23
XBL.3	119	109
XBL.3.1	10	10
XBM	84	84
XBN	26	26
XBP	47	47
XBQ	102	102
XBR	22	22
XBS	31	31
XBT	214	214
XBU	33	33
XBV	24	24
XBW	30	30
XBZ	322	322
XCA	69	69
XCC	36	36
XCE	12	12
XCF	133	87
XCF.1	12	12
XCF.3	34	34
XCG	28	28
XCH	590	252
XCH.1	338	338
XCJ	2	2
XCK	9	9
XCL	134	134
XCM	81	81
XCN	7	7
XCP	116	116
XCQ	21	21
XCR	269	269
XCS	6	6
XCT	124	38
XCT.1	86	86
XCU	13	13
XCV	87	87
XCW	83	83
XCY	6	6
XCZ	23	23
XD	20	20
XDA	610	537
XDA.1	41	41
XDB	66	66
XDC	37	37
XDE	19	19
XDF	8	8
XDG	11	11
XDH	4	4
XDK	16	16
XDL	104	104
XDM	32	32
XDP	412	292
XDP.1	69	69
XDP.3	27	27
XDQ	2	2
XDY	20	20
XE	2794	2794
XEB	24	24
XED	12	12
XF	42	42
XG	445	445
XH	145	145
XJ	5	5
XL	125	125
XM	596	358
XN	354	354
XP	83	83
XQ	148	148
XR	182	182
XS	46	46
XU	2	2
XV	27	27
XW	121	121
XY	94	94
XZ	115	115
Y.1	19	19
Z.1	266	266
miscBA.5.2CJ.1	3235	1
miscBA.5BA.2.75	9	9
miscBA1BA2Post13k	692	53
miscBA1BA2Post17k	145	145
miscBA1BA2Post5386	5026	174
miscBA1BA2Post8393	3970	27
miscBA1BA2Pre10k	3943	164
miscBA1BA2Pre4321	733	231
miscBA2BA1PostSpike	1436	1069
miscDeltaBA1Post11k	39	0
miscDeltaBA1Post4k	60	6
proposed1006	100	100
proposed422	4	4
proposed439	9	9
proposed441	6	6
proposed446	12	12
proposed467	16	16
